Airline Id,Origin,Destination
AC,ABJ,BRU
AC,ABJ,OUA
AC,ADD,JED
AC,AMS,CPH
AC,ANU,YYZ
AC,ATL,DEN
AC,ATL,YYZ
AC,AUA,YYZ
AC,AUH,YYZ
AC,AZS,YUL
AC,AZS,YYZ
AC,BAH,DOH
AC,BCN,YYZ
AC,BDA,YYZ
AC,BDL,YUL
AC,BDL,YYZ
AC,BGI,YYZ
AC,BJM,NBO
AC,BKK,ICN
AC,BKK,NRT
AC,BNA,YYZ
AC,BOG,YYZ
AC,BOS,YHZ
AC,BOS,YOW
AC,BOS,YUL
AC,BOS,YYZ
AC,BRU,BJM
AC,BRU,COO
AC,BRU,DKR
AC,BRU,DLA
AC,BRU,KGL
AC,BRU,LAD
AC,BRU,OUA
AC,BRU,YUL
AC,BRU,YYZ
AC,BWI,YYZ
AC,CCC,YYZ
AC,CDG,YUL
AC,CDG,YYZ
AC,CKY,DKR
AC,CLE,YYZ
AC,CLT,YYZ
AC,CMH,YYZ
AC,COO,ABJ
AC,CPH,AMS
AC,CPH,OSL
AC,CPH,VNO
AC,CPH,WAW
AC,CPH,YYZ
AC,CUN,YUL
AC,CUN,YYC
AC,CUN,YYZ
AC,CVG,YYZ
AC,CZM,YUL
AC,DCA,YOW
AC,DCA,YUL
AC,DCA,YYZ
AC,DEL,BRU
AC,DEN,ATL
AC,DEN,MSY
AC,DEN,YEG
AC,DEN,YMM
AC,DEN,YQR
AC,DEN,YUL
AC,DEN,YVR
AC,DEN,YWG
AC,DEN,YXE
AC,DEN,YYC
AC,DEN,YYZ
AC,DFW,YYZ
AC,DKR,BRU
AC,DKR,CKY
AC,DLA,BRU
AC,DLA,FIH
AC,DOH,BAH
AC,DOH,FRA
AC,DTW,YYZ
AC,DUB,YYZ
AC,EBB,BRU
AC,EWR,MSY
AC,EWR,YEG
AC,EWR,YUL
AC,EWR,YVR
AC,EWR,YYC
AC,EWR,YYZ
AC,EZE,SCL
AC,FCO,YYZ
AC,FDF,YUL
AC,FIH,BRU
AC,FIH,DLA
AC,FLL,YUL
AC,FLL,YYZ
AC,FRA,DOH
AC,FRA,JED
AC,FRA,LCA
AC,FRA,NAP
AC,FRA,VLC
AC,FRA,VNO
AC,FRA,YOW
AC,FRA,YUL
AC,FRA,YVR
AC,FRA,YYC
AC,FRA,YYZ
AC,GCM,YYZ
AC,GDN,CPH
AC,GGT,YYZ
AC,GND,YYZ
AC,GRU,YYZ
AC,GVA,YUL
AC,HAV,YYZ
AC,HKG,YVR
AC,HKG,YYZ
AC,HND,YVR
AC,HNL,YVR
AC,HOG,YUL
AC,HOG,YYZ
AC,IAD,MSY
AC,IAD,YOW
AC,IAD,YUL
AC,IAD,YYZ
AC,IAH,MSY
AC,IAH,YEG
AC,IAH,YUL
AC,IAH,YYC
AC,IAH,YYZ
AC,ICN,BKK
AC,ICN,YVR
AC,IND,YYZ
AC,IST,YYZ
AC,JED,ADD
AC,JED,FRA
AC,JED,IST
AC,JFK,YYZ
AC,KGL,EBB
AC,KGL,NBO
AC,KIN,YYZ
AC,LAD,FIH
AC,LAS,YUL
AC,LAS,YVR
AC,LAS,YYC
AC,LAS,YYZ
AC,LAX,YLW
AC,LAX,YUL
AC,LAX,YVR
AC,LAX,YYC
AC,LAX,YYZ
AC,LCA,FRA
AC,LGA,YOW
AC,LGA,YUL
AC,LGA,YYZ
AC,LHR,YEG
AC,LHR,YHZ
AC,LHR,YOW
AC,LHR,YUL
AC,LHR,YVR
AC,LHR,YYC
AC,LHR,YYT
AC,LHR,YYZ
AC,LIM,YYZ
AC,LIR,YYZ
AC,MBJ,YHZ
AC,MBJ,YUL
AC,MBJ,YYZ
AC,MCI,YYZ
AC,MCO,YUL
AC,MCO,YYZ
AC,MDT,YYZ
AC,MEX,YVR
AC,MEX,YYZ
AC,MIA,GUA
AC,MIA,YYZ
AC,MKE,YYZ
AC,MSP,YYZ
AC,MSY,DEN
AC,MSY,EWR
AC,MSY,IAD
AC,MSY,IAH
AC,MSY,ORD
AC,MSY,YYZ
AC,MUC,SOF
AC,MUC,YUL
AC,MUC,YVR
AC,MUC,YYZ
AC,NAP,FRA
AC,NAS,YYZ
AC,NBO,BRU
AC,NRT,BKK
AC,NRT,YVR
AC,NRT,YYC
AC,NRT,YYZ
AC,OGG,YVR
AC,ORD,MSY
AC,ORD,YEG
AC,ORD,YHZ
AC,ORD,YOW
AC,ORD,YQB
AC,ORD,YQR
AC,ORD,YUL
AC,ORD,YVR
AC,ORD,YWG
AC,ORD,YXU
AC,ORD,YYC
AC,ORD,YYZ
AC,OUA,ABJ
AC,OUA,BRU
AC,PAP,YUL
AC,PDX,YVR
AC,PDX,YYC
AC,PEK,YVR
AC,PEK,YYZ
AC,PHL,YYZ
AC,PHX,YYZ
AC,PIT,YYZ
AC,PLS,YUL
AC,PLS,YYZ
AC,POP,YHZ
AC,POP,YYZ
AC,PTP,YUL
AC,PUJ,YUL
AC,PUJ,YYZ
AC,PVG,YVR
AC,PVG,YYZ
AC,PVR,YVR
AC,PVR,YYC
AC,RDU,YYZ
AC,ROC,YYZ
AC,RSW,YYZ
AC,SAN,YYZ
AC,SCL,EZE
AC,SCL,YYZ
AC,SEA,YVR
AC,SEA,YYZ
AC,SFO,YEG
AC,SFO,YUL
AC,SFO,YVR
AC,SFO,YYC
AC,SFO,YYJ
AC,SFO,YYZ
AC,SJD,YYC
AC,SJO,YYZ
AC,SNU,YHZ
AC,SNU,YUL
AC,SNU,YYZ
AC,STL,YYZ
AC,SYD,YVR
AC,SYR,YYZ
AC,TLV,YUL
AC,TLV,YYZ
AC,TPA,YYZ
AC,TRD,CPH
AC,UVF,YYZ
AC,VIE,YYZ
AC,VLC,FRA
AC,VNO,CPH
AC,VNO,FRA
AC,VRA,YUL
AC,VRA,YYC
AC,VRA,YYZ
AC,WAW,CPH
AC,WAW,YYZ
AC,YAM,YYZ
AC,YBC,YUL
AC,YBC,YYY
AC,YBG,YUL
AC,YBL,YQQ
AC,YCD,YVR
AC,YCG,YVR
AC,YCG,YYC
AC,YDF,YHZ
AC,YDF,YYR
AC,YDF,YYT
AC,YDF,YYZ
AC,YEG,DEN
AC,YEG,EWR
AC,YEG,IAH
AC,YEG,LHR
AC,YEG,ORD
AC,YEG,SFO
AC,YEG,YMM
AC,YEG,YOW
AC,YEG,YQR
AC,YEG,YQU
AC,YEG,YUL
AC,YEG,YVR
AC,YEG,YWG
AC,YEG,YXE
AC,YEG,YYC
AC,YEG,YYZ
AC,YEG,YZF
AC,YFC,YHZ
AC,YFC,YOW
AC,YFC,YUL
AC,YFC,YYZ
AC,YGK,YYZ
AC,YGP,YGR
AC,YGP,YQB
AC,YGR,YGP
AC,YHZ,BOS
AC,YHZ,LHR
AC,YHZ,ORD
AC,YHZ,YDF
AC,YHZ,YFC
AC,YHZ,YOW
AC,YHZ,YQM
AC,YHZ,YQX
AC,YHZ,YQY
AC,YHZ,YSJ
AC,YHZ,YUL
AC,YHZ,YYG
AC,YHZ,YYR
AC,YHZ,YYT
AC,YHZ,YYZ
AC,YKA,YVR
AC,YKA,YYC
AC,YLW,LAX
AC,YLW,YVR
AC,YLW,YYC
AC,YMM,DEN
AC,YMM,YEG
AC,YMM,YVR
AC,YMM,YYC
AC,YMM,YYZ
AC,YOW,BOS
AC,YOW,DCA
AC,YOW,FRA
AC,YOW,IAD
AC,YOW,LGA
AC,YOW,LHR
AC,YOW,ORD
AC,YOW,YEG
AC,YOW,YFC
AC,YOW,YHZ
AC,YOW,YQB
AC,YOW,YQM
AC,YOW,YUL
AC,YOW,YVR
AC,YOW,YWG
AC,YOW,YXU
AC,YOW,YYC
AC,YOW,YYT
AC,YOW,YYZ
AC,YPR,YVR
AC,YQB,ORD
AC,YQB,YGP
AC,YQB,YOW
AC,YQB,YUL
AC,YQB,YYZ
AC,YQB,YZV
AC,YQF,YYC
AC,YQG,YYZ
AC,YQL,YYC
AC,YQM,YHZ
AC,YQM,YOW
AC,YQM,YUL
AC,YQM,YYZ
AC,YQQ,YVR
AC,YQR,DEN
AC,YQR,ORD
AC,YQR,YEG
AC,YQR,YVR
AC,YQR,YWG
AC,YQR,YYC
AC,YQR,YYZ
AC,YQT,YWG
AC,YQT,YYZ
AC,YQU,YEG
AC,YQU,YYC
AC,YQX,YHZ
AC,YQX,YYR
AC,YQX,YYT
AC,YQY,YHZ
AC,YQY,YYZ
AC,YQZ,YVR
AC,YQZ,YWL
AC,YSB,YYZ
AC,YSJ,YHZ
AC,YSJ,YUL
AC,YSJ,YYZ
AC,YTS,YYZ
AC,YTZ,YUL
AC,YUL,AZS
AC,YUL,BDL
AC,YUL,BOS
AC,YUL,BRU
AC,YUL,CCC
AC,YUL,CDG
AC,YUL,CUN
AC,YUL,CZM
AC,YUL,DCA
AC,YUL,DEN
AC,YUL,EWR
AC,YUL,FDF
AC,YUL,FLL
AC,YUL,FRA
AC,YUL,GVA
AC,YUL,HOG
AC,YUL,IAD
AC,YUL,IAH
AC,YUL,LAS
AC,YUL,LAX
AC,YUL,LGA
AC,YUL,LHR
AC,YUL,MBJ
AC,YUL,MCO
AC,YUL,MUC
AC,YUL,ORD
AC,YUL,PAP
AC,YUL,PTP
AC,YUL,PUJ
AC,YUL,SFO
AC,YUL,SNU
AC,YUL,VRA
AC,YUL,YBC
AC,YUL,YBG
AC,YUL,YEG
AC,YUL,YFC
AC,YUL,YHZ
AC,YUL,YOW
AC,YUL,YQB
AC,YUL,YQM
AC,YUL,YSJ
AC,YUL,YTZ
AC,YUL,YUY
AC,YUL,YVO
AC,YUL,YVR
AC,YUL,YWG
AC,YUL,YYC
AC,YUL,YYG
AC,YUL,YYT
AC,YUL,YYY
AC,YUL,YYZ
AC,YUL,YZV
AC,YUL,ZBF
AC,YUL,ZRH
AC,YUL,ZSA
AC,YUY,YUL
AC,YUY,YVO
AC,YVO,YUL
AC,YVO,YUY
AC,YVR,AKL
AC,YVR,DEN
AC,YVR,EWR
AC,YVR,FRA
AC,YVR,HKG
AC,YVR,HND
AC,YVR,HNL
AC,YVR,ICN
AC,YVR,LAS
AC,YVR,LAX
AC,YVR,LHR
AC,YVR,MEX
AC,YVR,MUC
AC,YVR,NRT
AC,YVR,OGG
AC,YVR,ORD
AC,YVR,PDX
AC,YVR,PEK
AC,YVR,PVG
AC,YVR,PVR
AC,YVR,SEA
AC,YVR,SFO
AC,YVR,SYD
AC,YVR,YBL
AC,YVR,YCD
AC,YVR,YCG
AC,YVR,YEG
AC,YVR,YKA
AC,YVR,YLW
AC,YVR,YMM
AC,YVR,YOW
AC,YVR,YPR
AC,YVR,YQR
AC,YVR,YQZ
AC,YVR,YUL
AC,YVR,YWG
AC,YVR,YWL
AC,YVR,YXC
AC,YVR,YXE
AC,YVR,YXJ
AC,YVR,YXS
AC,YVR,YXT
AC,YVR,YXY
AC,YVR,YYC
AC,YVR,YYD
AC,YVR,YYF
AC,YVR,YYJ
AC,YVR,YYZ
AC,YVR,YZP
AC,YWG,DEN
AC,YWG,ORD
AC,YWG,YEG
AC,YWG,YOW
AC,YWG,YQR
AC,YWG,YQT
AC,YWG,YUL
AC,YWG,YVR
AC,YWG,YXE
AC,YWG,YYC
AC,YWG,YYZ
AC,YWK,YYR
AC,YWK,YZV
AC,YWL,YQZ
AC,YWL,YVR
AC,YXC,YVR
AC,YXC,YYC
AC,YXE,DEN
AC,YXE,YEG
AC,YXE,YVR
AC,YXE,YWG
AC,YXE,YYC
AC,YXE,YYZ
AC,YXH,YYC
AC,YXJ,YVR
AC,YXS,YVR
AC,YXT,YVR
AC,YXU,ORD
AC,YXU,YOW
AC,YXU,YYZ
AC,YXY,YVR
AC,YYB,YYZ
AC,YYC,CUN
AC,YYC,DEN
AC,YYC,EWR
AC,YYC,FRA
AC,YYC,IAH
AC,YYC,LAS
AC,YYC,LAX
AC,YYC,LHR
AC,YYC,NRT
AC,YYC,ORD
AC,YYC,PDX
AC,YYC,PVR
AC,YYC,SFO
AC,YYC,SJD
AC,YYC,VRA
AC,YYC,YCG
AC,YYC,YEG
AC,YYC,YKA
AC,YYC,YLW
AC,YYC,YMM
AC,YYC,YOW
AC,YYC,YQF
AC,YYC,YQL
AC,YYC,YQR
AC,YYC,YQU
AC,YYC,YUL
AC,YYC,YVR
AC,YYC,YWG
AC,YYC,YXC
AC,YYC,YXE
AC,YYC,YXH
AC,YYC,YYJ
AC,YYC,YYZ
AC,YYC,YZF
AC,YYD,YVR
AC,YYF,YVR
AC,YYG,YHZ
AC,YYG,YUL
AC,YYG,YYZ
AC,YYJ,SFO
AC,YYJ,YVR
AC,YYJ,YYC
AC,YYJ,YYZ
AC,YYR,YDF
AC,YYR,YHZ
AC,YYR,YQX
AC,YYR,YWK
AC,YYR,YYT
AC,YYT,LHR
AC,YYT,YDF
AC,YYT,YHZ
AC,YYT,YOW
AC,YYT,YQX
AC,YYT,YUL
AC,YYT,YYR
AC,YYT,YYZ
AC,YYY,YBC
AC,YYY,YUL
AC,YYZ,ANU
AC,YYZ,ATL
AC,YYZ,AUA
AC,YYZ,AUH
AC,YYZ,AZS
AC,YYZ,BCN
AC,YYZ,BDA
AC,YYZ,BDL
AC,YYZ,BGI
AC,YYZ,BNA
AC,YYZ,BOG
AC,YYZ,BOS
AC,YYZ,BWI
AC,YYZ,CCC
AC,YYZ,CDG
AC,YYZ,CLE
AC,YYZ,CLT
AC,YYZ,CMH
AC,YYZ,CPH
AC,YYZ,CUN
AC,YYZ,CVG
AC,YYZ,DCA
AC,YYZ,DEN
AC,YYZ,DFW
AC,YYZ,DTW
AC,YYZ,DUB
AC,YYZ,EWR
AC,YYZ,FCO
AC,YYZ,FLL
AC,YYZ,FRA
AC,YYZ,GCM
AC,YYZ,GGT
AC,YYZ,GND
AC,YYZ,GRU
AC,YYZ,HAV
AC,YYZ,HKG
AC,YYZ,HOG
AC,YYZ,IAD
AC,YYZ,IAH
AC,YYZ,IND
AC,YYZ,IST
AC,YYZ,JFK
AC,YYZ,KIN
AC,YYZ,LAS
AC,YYZ,LAX
AC,YYZ,LGA
AC,YYZ,LHR
AC,YYZ,LIM
AC,YYZ,LIR
AC,YYZ,MBJ
AC,YYZ,MCI
AC,YYZ,MCO
AC,YYZ,MDT
AC,YYZ,MEX
AC,YYZ,MIA
AC,YYZ,MKE
AC,YYZ,MSP
AC,YYZ,MSY
AC,YYZ,MUC
AC,YYZ,NAS
AC,YYZ,NRT
AC,YYZ,ORD
AC,YYZ,PEK
AC,YYZ,PHL
AC,YYZ,PHX
AC,YYZ,PIT
AC,YYZ,PLS
AC,YYZ,POP
AC,YYZ,PUJ
AC,YYZ,PVG
AC,YYZ,RDU
AC,YYZ,ROC
AC,YYZ,RSW
AC,YYZ,SAN
AC,YYZ,SCL
AC,YYZ,SEA
AC,YYZ,SFO
AC,YYZ,SJO
AC,YYZ,SNU
AC,YYZ,STL
AC,YYZ,SYR
AC,YYZ,TLV
AC,YYZ,TPA
AC,YYZ,UVF
AC,YYZ,VIE
AC,YYZ,VRA
AC,YYZ,WAW
AC,YYZ,YAM
AC,YYZ,YDF
AC,YYZ,YEG
AC,YYZ,YFC
AC,YYZ,YGK
AC,YYZ,YHZ
AC,YYZ,YMM
AC,YYZ,YOW
AC,YYZ,YQB
AC,YYZ,YQG
AC,YYZ,YQM
AC,YYZ,YQR
AC,YYZ,YQT
AC,YYZ,YQY
AC,YYZ,YSB
AC,YYZ,YSJ
AC,YYZ,YTS
AC,YYZ,YUL
AC,YYZ,YVR
AC,YYZ,YWG
AC,YYZ,YXE
AC,YYZ,YXU
AC,YYZ,YYB
AC,YYZ,YYC
AC,YYZ,YYG
AC,YYZ,YYJ
AC,YYZ,YYT
AC,YYZ,YZR
AC,YYZ,ZRH
AC,YZF,YEG
AC,YZF,YYC
AC,YZP,YVR
AC,YZR,YYZ
AC,YZV,YQB
AC,YZV,YUL
AC,YZV,YWK
AC,ZBF,YUL
AC,ZRH,YUL
AC,ZRH,YYZ
AC,ZSA,PLS
CZ,AAT,URC
CZ,ACX,CAN
CZ,AKL,CAN
CZ,AKU,URC
CZ,ALA,URC
CZ,AMS,CAN
CZ,AMS,CTU
CZ,AMS,HGH
CZ,AMS,PEK
CZ,AMS,PVG
CZ,AMS,XMN
CZ,AOG,PEK
CZ,AQG,CAN
CZ,ASB,URC
CZ,AVA,CAN
CZ,BAV,CGO
CZ,BAV,CSX
CZ,BAV,CTU
CZ,BAV,SHE
CZ,BAV,SJW
CZ,BAV,URC
CZ,BAV,WUH
CZ,BFJ,CAN
CZ,BFJ,SZX
CZ,BHY,CAN
CZ,BHY,CGO
CZ,BHY,CKG
CZ,BHY,CSX
CZ,BHY,KMG
CZ,BHY,SJW
CZ,BKI,SZX
CZ,BKK,CAN
CZ,BKK,CGO
CZ,BKK,CSX
CZ,BKK,FOC
CZ,BKK,NBO
CZ,BKK,NNG
CZ,BKK,SWA
CZ,BKK,WUH
CZ,BKK,XMN
CZ,BNE,CAN
CZ,BSD,KMG
CZ,CAN,ACX
CZ,CAN,AKL
CZ,CAN,AMS
CZ,CAN,AQG
CZ,CAN,AVA
CZ,CAN,BFJ
CZ,CAN,BHY
CZ,CAN,BKK
CZ,CAN,BNE
CZ,CAN,CDG
CZ,CAN,CGD
CZ,CAN,CGK
CZ,CAN,CGO
CZ,CAN,CGQ
CZ,CAN,CIH
CZ,CAN,CKG
CZ,CAN,CNX
CZ,CAN,CSX
CZ,CAN,CTU
CZ,CAN,CZX
CZ,CAN,DAC
CZ,CAN,DAD
CZ,CAN,DEL
CZ,CAN,DIG
CZ,CAN,DLC
CZ,CAN,DPS
CZ,CAN,DXB
CZ,CAN,DYG
CZ,CAN,FOC
CZ,CAN,FUG
CZ,CAN,FUK
CZ,CAN,HAK
CZ,CAN,HAN
CZ,CAN,HDG
CZ,CAN,HET
CZ,CAN,HFE
CZ,CAN,HGH
CZ,CAN,HJJ
CZ,CAN,HKG
CZ,CAN,HKT
CZ,CAN,HRB
CZ,CAN,HZH
CZ,CAN,ICN
CZ,CAN,JGS
CZ,CAN,JIQ
CZ,CAN,JIU
CZ,CAN,JJN
CZ,CAN,JNG
CZ,CAN,JUH
CZ,CAN,KHN
CZ,CAN,KIX
CZ,CAN,KMG
CZ,CAN,KOW
CZ,CAN,KTM
CZ,CAN,KUL
CZ,CAN,KWE
CZ,CAN,KWL
CZ,CAN,LAX
CZ,CAN,LHR
CZ,CAN,LHW
CZ,CAN,LLB
CZ,CAN,LYA
CZ,CAN,LYG
CZ,CAN,LZH
CZ,CAN,MEL
CZ,CAN,MIG
CZ,CAN,MLE
CZ,CAN,MNL
CZ,CAN,MXZ
CZ,CAN,NAO
CZ,CAN,NBO
CZ,CAN,NGB
CZ,CAN,NKG
CZ,CAN,NNG
CZ,CAN,NNY
CZ,CAN,NRT
CZ,CAN,PEK
CZ,CAN,PEN
CZ,CAN,PER
CZ,CAN,PNH
CZ,CAN,PVG
CZ,CAN,REP
CZ,CAN,RGN
CZ,CAN,SGN
CZ,CAN,SHA
CZ,CAN,SHE
CZ,CAN,SIN
CZ,CAN,SJW
CZ,CAN,SVO
CZ,CAN,SWA
CZ,CAN,SYD
CZ,CAN,SYX
CZ,CAN,TAO
CZ,CAN,TEN
CZ,CAN,TNA
CZ,CAN,TPE
CZ,CAN,TSN
CZ,CAN,TXN
CZ,CAN,TYN
CZ,CAN,URC
CZ,CAN,WNZ
CZ,CAN,WUH
CZ,CAN,WUX
CZ,CAN,XFN
CZ,CAN,XIY
CZ,CAN,XMN
CZ,CAN,XUZ
CZ,CAN,YIH
CZ,CAN,YIW
CZ,CAN,YNT
CZ,CAN,YNZ
CZ,CAN,YTY
CZ,CAN,YVR
CZ,CAN,ZHA
CZ,CAN,ZYI
CZ,CDG,CAN
CZ,CGD,CAN
CZ,CGD,PEK
CZ,CGD,SZX
CZ,CGK,CAN
CZ,CGK,FOC
CZ,CGK,XMN
CZ,CGO,BAV
CZ,CGO,BHY
CZ,CGO,BKK
CZ,CGO,CAN
CZ,CGO,CGQ
CZ,CGO,CJU
CZ,CGO,CKG
CZ,CGO,CTU
CZ,CGO,DLC
CZ,CGO,DSN
CZ,CGO,FOC
CZ,CGO,HAK
CZ,CGO,HGH
CZ,CGO,HKG
CZ,CGO,HMI
CZ,CGO,HRB
CZ,CGO,ICN
CZ,CGO,INC
CZ,CGO,KHH
CZ,CGO,KMG
CZ,CGO,KWE
CZ,CGO,LHW
CZ,CGO,NNG
CZ,CGO,NNY
CZ,CGO,PEK
CZ,CGO,PVG
CZ,CGO,SHA
CZ,CGO,SHE
CZ,CGO,SYX
CZ,CGO,SZX
CZ,CGO,TAO
CZ,CGO,TPE
CZ,CGO,URC
CZ,CGO,UYN
CZ,CGO,WNZ
CZ,CGO,XMN
CZ,CGO,XNN
CZ,CGO,YIW
CZ,CGO,YTY
CZ,CGO,ZUH
CZ,CGQ,CAN
CZ,CGQ,CGO
CZ,CGQ,CJU
CZ,CGQ,CKG
CZ,CGQ,HET
CZ,CGQ,HFE
CZ,CGQ,HGH
CZ,CGQ,ICN
CZ,CGQ,KHN
CZ,CGQ,NBS
CZ,CGQ,NGB
CZ,CGQ,NKG
CZ,CGQ,NRT
CZ,CGQ,PEK
CZ,CGQ,PVG
CZ,CGQ,TAO
CZ,CGQ,TNA
CZ,CGQ,TPE
CZ,CGQ,TYN
CZ,CGQ,WUH
CZ,CGQ,YNJ
CZ,CIH,CAN
CZ,CIH,DAT
CZ,CIH,PEK
CZ,CJU,CGO
CZ,CJU,CGQ
CZ,CJU,CSX
CZ,CJU,DLC
CZ,CJU,HRB
CZ,CJU,SHE
CZ,CJU,SZX
CZ,CKG,BHY
CZ,CKG,CAN
CZ,CKG,CGO
CZ,CKG,CGQ
CZ,CKG,CSX
CZ,CKG,FOC
CZ,CKG,HAK
CZ,CKG,HGH
CZ,CKG,JHG
CZ,CKG,KHN
CZ,CKG,KMG
CZ,CKG,KWE
CZ,CKG,KWL
CZ,CKG,LJG
CZ,CKG,LXA
CZ,CKG,NNG
CZ,CKG,PEK
CZ,CKG,SHE
CZ,CKG,SYX
CZ,CKG,SZX
CZ,CKG,TSN
CZ,CKG,URC
CZ,CKG,WUH
CZ,CKG,XIY
CZ,CKG,XMN
CZ,CKG,XNN
CZ,CKG,YCU
CZ,CKG,YIH
CZ,CNX,CAN
CZ,CSX,BAV
CZ,CSX,BHY
CZ,CSX,BKK
CZ,CSX,CAN
CZ,CSX,CJU
CZ,CSX,CKG
CZ,CSX,CTU
CZ,CSX,CZX
CZ,CSX,DLC
CZ,CSX,DYG
CZ,CSX,FOC
CZ,CSX,HAK
CZ,CSX,HET
CZ,CSX,HFE
CZ,CSX,HGH
CZ,CSX,HJJ
CZ,CSX,HRB
CZ,CSX,ICN
CZ,CSX,INC
CZ,CSX,JJN
CZ,CSX,KMG
CZ,CSX,KWE
CZ,CSX,LHW
CZ,CSX,LZO
CZ,CSX,MIG
CZ,CSX,NGB
CZ,CSX,NKG
CZ,CSX,NNG
CZ,CSX,PEK
CZ,CSX,PVG
CZ,CSX,SHA
CZ,CSX,SJW
CZ,CSX,SWA
CZ,CSX,SYX
CZ,CSX,SZX
CZ,CSX,TAO
CZ,CSX,TNA
CZ,CSX,TPE
CZ,CSX,TSN
CZ,CSX,TXN
CZ,CSX,TYN
CZ,CSX,URC
CZ,CSX,WNZ
CZ,CSX,XIY
CZ,CSX,XMN
CZ,CSX,XNN
CZ,CSX,YCU
CZ,CSX,YNT
CZ,CSX,YTY
CZ,CSX,ZUH
CZ,CTU,AMS
CZ,CTU,BAV
CZ,CTU,CAN
CZ,CTU,CGO
CZ,CTU,CSX
CZ,CTU,FOC
CZ,CTU,HAK
CZ,CTU,HGH
CZ,CTU,KMG
CZ,CTU,KWE
CZ,CTU,KWL
CZ,CTU,NNY
CZ,CTU,PEK
CZ,CTU,SWA
CZ,CTU,SZX
CZ,CTU,TNA
CZ,CTU,TYN
CZ,CTU,URC
CZ,CTU,WUH
CZ,CTU,XIY
CZ,CTU,XMN
CZ,CTU,YNT
CZ,CZX,CAN
CZ,CZX,CSX
CZ,CZX,FOC
CZ,CZX,SHE
CZ,CZX,SZX
CZ,CZX,TYN
CZ,DAC,CAN
CZ,DAD,CAN
CZ,DAT,CIH
CZ,DAT,TYN
CZ,DDG,PVG
CZ,DEL,CAN
CZ,DIG,CAN
CZ,DIG,KMG
CZ,DLC,CAN
CZ,DLC,CGO
CZ,DLC,CJU
CZ,DLC,CSX
CZ,DLC,HET
CZ,DLC,HGH
CZ,DLC,ICN
CZ,DLC,KHN
CZ,DLC,KIX
CZ,DLC,MDG
CZ,DLC,NGB
CZ,DLC,NGO
CZ,DLC,NKG
CZ,DLC,NRT
CZ,DLC,PEK
CZ,DLC,PVG
CZ,DLC,SJW
CZ,DLC,SZX
CZ,DLC,TAO
CZ,DLC,TNA
CZ,DLC,TOY
CZ,DLC,TPE
CZ,DLC,TSN
CZ,DLC,TXN
CZ,DLC,TYN
CZ,DLC,WUH
CZ,DLC,XIY
CZ,DLC,YNJ
CZ,DLC,YNZ
CZ,DLC,YTY
CZ,DLU,KMG
CZ,DLU,KWE
CZ,DNH,URC
CZ,DNH,XIY
CZ,DPS,CAN
CZ,DPS,SZX
CZ,DQA,PEK
CZ,DQA,TAO
CZ,DSN,CGO
CZ,DTW,PEK
CZ,DTW,PVG
CZ,DXB,CAN
CZ,DYG,CAN
CZ,DYG,CSX
CZ,DYG,PEK
CZ,DYG,SZX
CZ,DYG,TPE
CZ,DYG,TYN
CZ,DYU,URC
CZ,ENH,WUH
CZ,FOC,BKK
CZ,FOC,CAN
CZ,FOC,CGK
CZ,FOC,CGO
CZ,FOC,CKG
CZ,FOC,CSX
CZ,FOC,CTU
CZ,FOC,CZX
CZ,FOC,HAK
CZ,FOC,HGH
CZ,FOC,HRB
CZ,FOC,KMG
CZ,FOC,KUL
CZ,FOC,KWE
CZ,FOC,KWL
CZ,FOC,MFM
CZ,FOC,NKG
CZ,FOC,NNG
CZ,FOC,PEK
CZ,FOC,SHA
CZ,FOC,SIN
CZ,FOC,SYX
CZ,FOC,SZX
CZ,FOC,TAO
CZ,FOC,TNA
CZ,FOC,WUH
CZ,FOC,XIY
CZ,FOC,ZUH
CZ,FRU,URC
CZ,FUG,CAN
CZ,FUK,CAN
CZ,FUK,SHE
CZ,GMP,PEK
CZ,GYD,URC
CZ,HAK,CAN
CZ,HAK,CGO
CZ,HAK,CKG
CZ,HAK,CSX
CZ,HAK,CTU
CZ,HAK,FOC
CZ,HAK,HGH
CZ,HAK,KMG
CZ,HAK,NKG
CZ,HAK,NNG
CZ,HAK,PEK
CZ,HAK,PVG
CZ,HAK,SZX
CZ,HAK,WUH
CZ,HAK,XMN
CZ,HAK,ZUH
CZ,HAN,CAN
CZ,HAN,PEK
CZ,HDG,CAN
CZ,HEK,HRB
CZ,HET,CAN
CZ,HET,CGQ
CZ,HET,CSX
CZ,HET,DLC
CZ,HET,HGH
CZ,HET,INC
CZ,HET,NKG
CZ,HET,SHE
CZ,HET,TAO
CZ,HET,TGO
CZ,HET,TNA
CZ,HET,TSN
CZ,HET,URC
CZ,HET,XIL
CZ,HFE,CAN
CZ,HFE,CGQ
CZ,HFE,CSX
CZ,HFE,HRB
CZ,HFE,KMG
CZ,HFE,SZX
CZ,HFE,TYN
CZ,HFE,XIY
CZ,HFE,XMN
CZ,HFE,ZUH
CZ,HGH,AMS
CZ,HGH,CAN
CZ,HGH,CGO
CZ,HGH,CGQ
CZ,HGH,CKG
CZ,HGH,CSX
CZ,HGH,CTU
CZ,HGH,DLC
CZ,HGH,FOC
CZ,HGH,HAK
CZ,HGH,HET
CZ,HGH,HRB
CZ,HGH,JJN
CZ,HGH,KMG
CZ,HGH,KWE
CZ,HGH,KWL
CZ,HGH,LHW
CZ,HGH,LJG
CZ,HGH,MFM
CZ,HGH,NNG
CZ,HGH,NNY
CZ,HGH,PEK
CZ,HGH,SHE
CZ,HGH,SJW
CZ,HGH,SYX
CZ,HGH,SZX
CZ,HGH,TAO
CZ,HGH,TNA
CZ,HGH,TSN
CZ,HGH,TYN
CZ,HGH,URC
CZ,HGH,WUH
CZ,HGH,XIY
CZ,HGH,XMN
CZ,HGH,ZUH
CZ,HJJ,CAN
CZ,HJJ,CSX
CZ,HKG,CAN
CZ,HKG,CGO
CZ,HKG,MXZ
CZ,HKG,PEK
CZ,HKG,SHE
CZ,HKG,SWA
CZ,HKG,WUH
CZ,HKG,XMN
CZ,HKT,CAN
CZ,HKT,KWE
CZ,HKT,SZX
CZ,HMI,CGO
CZ,HMI,URC
CZ,HRB,CAN
CZ,HRB,CGO
CZ,HRB,CJU
CZ,HRB,CSX
CZ,HRB,FOC
CZ,HRB,HEK
CZ,HRB,HFE
CZ,HRB,HGH
CZ,HRB,ICN
CZ,HRB,KHN
CZ,HRB,KIJ
CZ,HRB,KIX
CZ,HRB,LDS
CZ,HRB,NGB
CZ,HRB,NKG
CZ,HRB,OHE
CZ,HRB,PEK
CZ,HRB,PVG
CZ,HRB,SJW
CZ,HRB,SZX
CZ,HRB,TAO
CZ,HRB,TNA
CZ,HRB,TPE
CZ,HRB,TSN
CZ,HRB,XIY
CZ,HRB,YCU
CZ,HRB,YIW
CZ,HRB,YNT
CZ,HRB,YNZ
CZ,HRB,YTY
CZ,HSN,JJN
CZ,HSN,LYG
CZ,HSN,PEK
CZ,HSN,SZX
CZ,HSN,XMN
CZ,HTN,URC
CZ,HZH,CAN
CZ,ICN,CAN
CZ,ICN,CGO
CZ,ICN,CGQ
CZ,ICN,CSX
CZ,ICN,DLC
CZ,ICN,HRB
CZ,ICN,MDG
CZ,ICN,PEK
CZ,ICN,PVG
CZ,ICN,SHE
CZ,ICN,WUH
CZ,ICN,YNJ
CZ,IKA,URC
CZ,INC,CGO
CZ,INC,CSX
CZ,INC,HET
CZ,INC,NKG
CZ,INC,PEK
CZ,INC,TYN
CZ,INC,URC
CZ,INC,WUH
CZ,INC,XIY
CZ,INC,XUZ
CZ,ISB,PEK
CZ,ISB,URC
CZ,IST,URC
CZ,JGS,CAN
CZ,JHG,CKG
CZ,JHG,KMG
CZ,JIQ,CAN
CZ,JIU,CAN
CZ,JJN,CAN
CZ,JJN,CSX
CZ,JJN,HGH
CZ,JJN,HSN
CZ,JJN,KWE
CZ,JJN,MFM
CZ,JJN,NKG
CZ,JJN,PEK
CZ,JJN,SHA
CZ,JJN,SZX
CZ,JJN,WUH
CZ,JMU,PVG
CZ,JNG,CAN
CZ,JUH,CAN
CZ,JUH,XMN
CZ,JXA,SHE
CZ,KCA,URC
CZ,KHG,URC
CZ,KHH,CGO
CZ,KHH,WUH
CZ,KHN,CAN
CZ,KHN,CGQ
CZ,KHN,CKG
CZ,KHN,DLC
CZ,KHN,HRB
CZ,KHN,KMG
CZ,KHN,LYA
CZ,KHN,NKG
CZ,KHN,NNG
CZ,KHN,SZX
CZ,KHN,TYN
CZ,KHN,XIY
CZ,KHN,XMN
CZ,KHN,ZUH
CZ,KIJ,HRB
CZ,KIX,CAN
CZ,KIX,DLC
CZ,KIX,HRB
CZ,KIX,SHE
CZ,KMG,BHY
CZ,KMG,BSD
CZ,KMG,CAN
CZ,KMG,CGO
CZ,KMG,CKG
CZ,KMG,CSX
CZ,KMG,CTU
CZ,KMG,DIG
CZ,KMG,DLU
CZ,KMG,FOC
CZ,KMG,HAK
CZ,KMG,HFE
CZ,KMG,HGH
CZ,KMG,JHG
CZ,KMG,KHN
CZ,KMG,KWE
CZ,KMG,KWL
CZ,KMG,LHW
CZ,KMG,LJG
CZ,KMG,LNJ
CZ,KMG,NKG
CZ,KMG,NNG
CZ,KMG,PEK
CZ,KMG,SHA
CZ,KMG,SYM
CZ,KMG,SYX
CZ,KMG,SZX
CZ,KMG,TAO
CZ,KMG,WNH
CZ,KMG,WUH
CZ,KMG,XIY
CZ,KMG,XMN
CZ,KMG,YIW
CZ,KMG,ZAT
CZ,KMG,ZUH
CZ,KOW,CAN
CZ,KOW,PEK
CZ,KOW,SZX
CZ,KRL,URC
CZ,KRY,URC
CZ,KTM,CAN
CZ,KUL,CAN
CZ,KUL,FOC
CZ,KUL,PVG
CZ,KUL,XMN
CZ,KWE,CAN
CZ,KWE,CGO
CZ,KWE,CKG
CZ,KWE,CSX
CZ,KWE,CTU
CZ,KWE,DLU
CZ,KWE,FOC
CZ,KWE,HGH
CZ,KWE,HKT
CZ,KWE,JJN
CZ,KWE,KMG
CZ,KWE,LJG
CZ,KWE,NKG
CZ,KWE,NNG
CZ,KWE,PEK
CZ,KWE,PVG
CZ,KWE,SHA
CZ,KWE,SWA
CZ,KWE,SZX
CZ,KWE,TAO
CZ,KWE,TPE
CZ,KWE,URC
CZ,KWE,WUH
CZ,KWE,XIY
CZ,KWE,XNN
CZ,KWE,ZUH
CZ,KWL,CAN
CZ,KWL,CKG
CZ,KWL,CTU
CZ,KWL,FOC
CZ,KWL,HGH
CZ,KWL,KMG
CZ,KWL,NGB
CZ,KWL,NKG
CZ,KWL,NNG
CZ,KWL,PEK
CZ,KWL,PVG
CZ,KWL,SHE
CZ,KWL,SWA
CZ,KWL,SZX
CZ,KWL,TNA
CZ,KWL,TPE
CZ,KWL,WNZ
CZ,KWL,WUH
CZ,KWL,XIY
CZ,KWL,XMN
CZ,LAX,CAN
CZ,LBD,URC
CZ,LDS,HRB
CZ,LHR,CAN
CZ,LHW,CAN
CZ,LHW,CGO
CZ,LHW,CSX
CZ,LHW,HGH
CZ,LHW,KMG
CZ,LHW,SHE
CZ,LHW,TNA
CZ,LHW,URC
CZ,LHW,WUH
CZ,LJG,CKG
CZ,LJG,HGH
CZ,LJG,KMG
CZ,LJG,KWE
CZ,LLB,CAN
CZ,LNJ,KMG
CZ,LUN,NBO
CZ,LXA,CKG
CZ,LXA,XIY
CZ,LYA,CAN
CZ,LYA,KHN
CZ,LYG,CAN
CZ,LYG,HSN
CZ,LYG,XUZ
CZ,LZH,CAN
CZ,LZO,CSX
CZ,LZO,SZX
CZ,MDG,DLC
CZ,MDG,ICN
CZ,MDG,PVG
CZ,MEL,CAN
CZ,MFM,FOC
CZ,MFM,HGH
CZ,MFM,JJN
CZ,MFM,XMN
CZ,MIG,CAN
CZ,MIG,CSX
CZ,MLE,CAN
CZ,MNL,CAN
CZ,MNL,XMN
CZ,MXZ,CAN
CZ,MXZ,HKG
CZ,MXZ,SZX
CZ,MXZ,ZUH
CZ,NAO,CAN
CZ,NAO,PEK
CZ,NAO,SZX
CZ,NBO,BKK
CZ,NBO,CAN
CZ,NBO,LUN
CZ,NBS,CGQ
CZ,NBS,PEK
CZ,NBS,SHE
CZ,NDG,PVG
CZ,NGB,CAN
CZ,NGB,CGQ
CZ,NGB,CSX
CZ,NGB,DLC
CZ,NGB,HRB
CZ,NGB,KWL
CZ,NGB,PEK
CZ,NGB,SWA
CZ,NGB,SZX
CZ,NGB,TAO
CZ,NGB,WUH
CZ,NGB,XMN
CZ,NGO,DLC
CZ,NGO,PVG
CZ,NGO,SHE
CZ,NKG,CAN
CZ,NKG,CGQ
CZ,NKG,CSX
CZ,NKG,DLC
CZ,NKG,FOC
CZ,NKG,HAK
CZ,NKG,HET
CZ,NKG,HRB
CZ,NKG,INC
CZ,NKG,JJN
CZ,NKG,KHN
CZ,NKG,KMG
CZ,NKG,KWE
CZ,NKG,KWL
CZ,NKG,SHE
CZ,NKG,SWA
CZ,NKG,SZX
CZ,NKG,URC
CZ,NKG,XIY
CZ,NKG,XMN
CZ,NLT,URC
CZ,NNG,BKK
CZ,NNG,CAN
CZ,NNG,CGO
CZ,NNG,CKG
CZ,NNG,CSX
CZ,NNG,FOC
CZ,NNG,HAK
CZ,NNG,HGH
CZ,NNG,KHN
CZ,NNG,KMG
CZ,NNG,KWE
CZ,NNG,KWL
CZ,NNG,PEK
CZ,NNG,PVG
CZ,NNG,SHA
CZ,NNG,SWA
CZ,NNG,SZX
CZ,NNG,TPE
CZ,NNG,WUH
CZ,NNG,XMN
CZ,NNY,CAN
CZ,NNY,CGO
CZ,NNY,CTU
CZ,NNY,HGH
CZ,NNY,SHA
CZ,NNY,SZX
CZ,NRT,CAN
CZ,NRT,CGQ
CZ,NRT,DLC
CZ,NRT,PEK
CZ,NRT,SHE
CZ,NTG,CAN
CZ,OHE,HRB
CZ,OSS,URC
CZ,OVB,URC
CZ,PEK,AMS
CZ,PEK,AOG
CZ,PEK,CAN
CZ,PEK,CGD
CZ,PEK,CGO
CZ,PEK,CGQ
CZ,PEK,CIH
CZ,PEK,CKG
CZ,PEK,CSX
CZ,PEK,CTU
CZ,PEK,DLC
CZ,PEK,DQA
CZ,PEK,DTW
CZ,PEK,DYG
CZ,PEK,FOC
CZ,PEK,GMP
CZ,PEK,HAK
CZ,PEK,HAN
CZ,PEK,HGH
CZ,PEK,HKG
CZ,PEK,HRB
CZ,PEK,HSN
CZ,PEK,ICN
CZ,PEK,INC
CZ,PEK,ISB
CZ,PEK,JJN
CZ,PEK,KMG
CZ,PEK,KOW
CZ,PEK,KWE
CZ,PEK,KWL
CZ,PEK,NAO
CZ,PEK,NBS
CZ,PEK,NGB
CZ,PEK,NNG
CZ,PEK,NRT
CZ,PEK,PVG
CZ,PEK,SEA
CZ,PEK,SHA
CZ,PEK,SHE
CZ,PEK,SWA
CZ,PEK,SYX
CZ,PEK,SZX
CZ,PEK,TAS
CZ,PEK,TEN
CZ,PEK,URC
CZ,PEK,WUH
CZ,PEK,WUS
CZ,PEK,XIY
CZ,PEK,XMN
CZ,PEK,XNN
CZ,PEK,YIW
CZ,PEK,YNJ
CZ,PEK,ZUH
CZ,PEK,ZYI
CZ,PEN,CAN
CZ,PER,CAN
CZ,PNH,CAN
CZ,PUS,SHE
CZ,PVG,AMS
CZ,PVG,CAN
CZ,PVG,CGO
CZ,PVG,CGQ
CZ,PVG,CSX
CZ,PVG,DDG
CZ,PVG,DLC
CZ,PVG,DTW
CZ,PVG,HAK
CZ,PVG,HRB
CZ,PVG,ICN
CZ,PVG,JMU
CZ,PVG,KUL
CZ,PVG,KWE
CZ,PVG,KWL
CZ,PVG,MDG
CZ,PVG,NDG
CZ,PVG,NGO
CZ,PVG,NNG
CZ,PVG,PEK
CZ,PVG,SHE
CZ,PVG,SYX
CZ,PVG,SZX
CZ,PVG,TAO
CZ,PVG,TPE
CZ,PVG,URC
CZ,PVG,WUH
CZ,PVG,XIY
CZ,PVG,YNJ
CZ,PVG,ZUH
CZ,REP,CAN
CZ,RGN,CAN
CZ,SEA,PEK
CZ,SGN,CAN
CZ,SHA,CAN
CZ,SHA,CGO
CZ,SHA,CSX
CZ,SHA,FOC
CZ,SHA,JJN
CZ,SHA,KMG
CZ,SHA,KWE
CZ,SHA,NNG
CZ,SHA,NNY
CZ,SHA,PEK
CZ,SHA,SWA
CZ,SHA,SZX
CZ,SHA,URC
CZ,SHA,WUH
CZ,SHA,XIY
CZ,SHA,XMN
CZ,SHA,ZUH
CZ,SHE,BAV
CZ,SHE,CAN
CZ,SHE,CGO
CZ,SHE,CJU
CZ,SHE,CKG
CZ,SHE,CZX
CZ,SHE,FUK
CZ,SHE,HET
CZ,SHE,HGH
CZ,SHE,HKG
CZ,SHE,ICN
CZ,SHE,JXA
CZ,SHE,KIX
CZ,SHE,KWL
CZ,SHE,LHW
CZ,SHE,NBS
CZ,SHE,NGO
CZ,SHE,NKG
CZ,SHE,NRT
CZ,SHE,PEK
CZ,SHE,PUS
CZ,SHE,PVG
CZ,SHE,SJW
CZ,SHE,TAO
CZ,SHE,TNA
CZ,SHE,TPE
CZ,SHE,TYN
CZ,SHE,WUH
CZ,SHE,XIY
CZ,SHE,XMN
CZ,SHE,YIW
CZ,SHE,YNT
CZ,SHE,YNZ
CZ,SIN,CAN
CZ,SIN,FOC
CZ,SIN,XMN
CZ,SJW,BAV
CZ,SJW,BHY
CZ,SJW,CAN
CZ,SJW,CSX
CZ,SJW,DLC
CZ,SJW,HGH
CZ,SJW,HRB
CZ,SJW,SHE
CZ,SJW,SZX
CZ,SJW,URC
CZ,SVO,CAN
CZ,SVO,URC
CZ,SWA,BKK
CZ,SWA,CAN
CZ,SWA,CSX
CZ,SWA,CTU
CZ,SWA,HKG
CZ,SWA,KWE
CZ,SWA,KWL
CZ,SWA,NGB
CZ,SWA,NKG
CZ,SWA,NNG
CZ,SWA,PEK
CZ,SWA,SHA
CZ,SWA,SYX
CZ,SWA,WUH
CZ,SWA,YIW
CZ,SWA,ZUH
CZ,SYD,CAN
CZ,SYM,KMG
CZ,SYX,CAN
CZ,SYX,CGO
CZ,SYX,CKG
CZ,SYX,CSX
CZ,SYX,FOC
CZ,SYX,HGH
CZ,SYX,KMG
CZ,SYX,PEK
CZ,SYX,PVG
CZ,SYX,SWA
CZ,SYX,SZX
CZ,SYX,WUH
CZ,SYX,XIY
CZ,SYX,XMN
CZ,SYX,YCU
CZ,SYX,YTY
CZ,SYX,ZHA
CZ,SYX,ZUH
CZ,SZX,BFJ
CZ,SZX,BKI
CZ,SZX,CGD
CZ,SZX,CGO
CZ,SZX,CJU
CZ,SZX,CKG
CZ,SZX,CSX
CZ,SZX,CTU
CZ,SZX,CZX
CZ,SZX,DLC
CZ,SZX,DPS
CZ,SZX,DYG
CZ,SZX,FOC
CZ,SZX,HAK
CZ,SZX,HFE
CZ,SZX,HGH
CZ,SZX,HKT
CZ,SZX,HRB
CZ,SZX,HSN
CZ,SZX,JJN
CZ,SZX,KHN
CZ,SZX,KMG
CZ,SZX,KOW
CZ,SZX,KWE
CZ,SZX,KWL
CZ,SZX,LZO
CZ,SZX,MXZ
CZ,SZX,NAO
CZ,SZX,NGB
CZ,SZX,NKG
CZ,SZX,NNG
CZ,SZX,NNY
CZ,SZX,PEK
CZ,SZX,PVG
CZ,SZX,SHA
CZ,SZX,SJW
CZ,SZX,SYX
CZ,SZX,TAO
CZ,SZX,TEN
CZ,SZX,TPE
CZ,SZX,TSN
CZ,SZX,TXN
CZ,SZX,WNZ
CZ,SZX,WUH
CZ,SZX,WUX
CZ,SZX,XIY
CZ,SZX,XMN
CZ,SZX,ZYI
CZ,TAO,CAN
CZ,TAO,CGO
CZ,TAO,CGQ
CZ,TAO,CSX
CZ,TAO,DLC
CZ,TAO,DQA
CZ,TAO,FOC
CZ,TAO,HET
CZ,TAO,HGH
CZ,TAO,HRB
CZ,TAO,KMG
CZ,TAO,KWE
CZ,TAO,NGB
CZ,TAO,PVG
CZ,TAO,SHE
CZ,TAO,SZX
CZ,TAO,TXN
CZ,TAO,TYN
CZ,TAO,WUH
CZ,TAO,XIY
CZ,TAO,XMN
CZ,TAS,PEK
CZ,TAS,URC
CZ,TBS,URC
CZ,TCG,URC
CZ,TEN,CAN
CZ,TEN,PEK
CZ,TEN,SZX
CZ,TGO,HET
CZ,TNA,CAN
CZ,TNA,CGQ
CZ,TNA,CSX
CZ,TNA,CTU
CZ,TNA,DLC
CZ,TNA,FOC
CZ,TNA,HET
CZ,TNA,HGH
CZ,TNA,HRB
CZ,TNA,KWL
CZ,TNA,LHW
CZ,TNA,SHE
CZ,TNA,URC
CZ,TNA,WUH
CZ,TNA,XIY
CZ,TNA,XMN
CZ,TOY,DLC
CZ,TPE,CAN
CZ,TPE,CGO
CZ,TPE,CGQ
CZ,TPE,CSX
CZ,TPE,DLC
CZ,TPE,DYG
CZ,TPE,HRB
CZ,TPE,KWE
CZ,TPE,KWL
CZ,TPE,NNG
CZ,TPE,PVG
CZ,TPE,SHE
CZ,TPE,SZX
CZ,TPE,URC
CZ,TPE,WUH
CZ,TSE,URC
CZ,TSN,CAN
CZ,TSN,CKG
CZ,TSN,CSX
CZ,TSN,DLC
CZ,TSN,HET
CZ,TSN,HGH
CZ,TSN,HRB
CZ,TSN,SZX
CZ,TSN,WUH
CZ,TSN,XIY
CZ,TSN,XMN
CZ,TXN,CAN
CZ,TXN,CSX
CZ,TXN,DLC
CZ,TXN,SZX
CZ,TXN,TAO
CZ,TXN,TYN
CZ,TXN,XMN
CZ,TYN,CAN
CZ,TYN,CGQ
CZ,TYN,CSX
CZ,TYN,CTU
CZ,TYN,CZX
CZ,TYN,DAT
CZ,TYN,DLC
CZ,TYN,DYG
CZ,TYN,HFE
CZ,TYN,HGH
CZ,TYN,INC
CZ,TYN,KHN
CZ,TYN,SHE
CZ,TYN,TAO
CZ,TYN,TXN
CZ,TYN,URC
CZ,TYN,WUH
CZ,TYN,XIY
CZ,TYN,XMN
CZ,URC,AAT
CZ,URC,AKU
CZ,URC,ALA
CZ,URC,ASB
CZ,URC,BAV
CZ,URC,CAN
CZ,URC,CGO
CZ,URC,CKG
CZ,URC,CSX
CZ,URC,CTU
CZ,URC,DNH
CZ,URC,DYU
CZ,URC,FRU
CZ,URC,GYD
CZ,URC,HET
CZ,URC,HGH
CZ,URC,HMI
CZ,URC,HTN
CZ,URC,IKA
CZ,URC,INC
CZ,URC,ISB
CZ,URC,IST
CZ,URC,KCA
CZ,URC,KHG
CZ,URC,KRL
CZ,URC,KRY
CZ,URC,KWE
CZ,URC,LBD
CZ,URC,LHW
CZ,URC,NKG
CZ,URC,NLT
CZ,URC,OSS
CZ,URC,OVB
CZ,URC,PEK
CZ,URC,PVG
CZ,URC,SHA
CZ,URC,SJW
CZ,URC,SVO
CZ,URC,TAS
CZ,URC,TBS
CZ,URC,TCG
CZ,URC,TNA
CZ,URC,TPE
CZ,URC,TSE
CZ,URC,TYN
CZ,URC,WUH
CZ,URC,XIY
CZ,URC,XNN
CZ,URC,YIN
CZ,URC,YIW
CZ,UYN,CGO
CZ,UYN,XIY
CZ,WNH,KMG
CZ,WNZ,CAN
CZ,WNZ,CGO
CZ,WNZ,CSX
CZ,WNZ,KWL
CZ,WNZ,SZX
CZ,WNZ,WUH
CZ,WNZ,XIY
CZ,WUH,BAV
CZ,WUH,BKK
CZ,WUH,CAN
CZ,WUH,CGQ
CZ,WUH,CKG
CZ,WUH,CTU
CZ,WUH,DLC
CZ,WUH,ENH
CZ,WUH,FOC
CZ,WUH,HAK
CZ,WUH,HGH
CZ,WUH,HKG
CZ,WUH,ICN
CZ,WUH,INC
CZ,WUH,JJN
CZ,WUH,KHH
CZ,WUH,KMG
CZ,WUH,KWE
CZ,WUH,KWL
CZ,WUH,LHW
CZ,WUH,NGB
CZ,WUH,NNG
CZ,WUH,PEK
CZ,WUH,PVG
CZ,WUH,SHA
CZ,WUH,SHE
CZ,WUH,SWA
CZ,WUH,SYX
CZ,WUH,SZX
CZ,WUH,TAO
CZ,WUH,TNA
CZ,WUH,TPE
CZ,WUH,TSN
CZ,WUH,TYN
CZ,WUH,URC
CZ,WUH,WNZ
CZ,WUH,XIY
CZ,WUH,XMN
CZ,WUH,YNZ
CZ,WUH,ZUH
CZ,WUS,PEK
CZ,WUX,CAN
CZ,WUX,SZX
CZ,WXN,XIY
CZ,WXN,XMN
CZ,XFN,CAN
CZ,XFN,XMN
CZ,XIL,HET
CZ,XIY,CAN
CZ,XIY,CKG
CZ,XIY,CSX
CZ,XIY,CTU
CZ,XIY,DLC
CZ,XIY,DNH
CZ,XIY,ENY
CZ,XIY,FOC
CZ,XIY,HFE
CZ,XIY,HGH
CZ,XIY,HRB
CZ,XIY,INC
CZ,XIY,KHN
CZ,XIY,KMG
CZ,XIY,KWE
CZ,XIY,KWL
CZ,XIY,LXA
CZ,XIY,NKG
CZ,XIY,PEK
CZ,XIY,PVG
CZ,XIY,SHA
CZ,XIY,SHE
CZ,XIY,SYX
CZ,XIY,SZX
CZ,XIY,TAO
CZ,XIY,TNA
CZ,XIY,TSN
CZ,XIY,TYN
CZ,XIY,URC
CZ,XIY,UYN
CZ,XIY,WNZ
CZ,XIY,WUH
CZ,XIY,WXN
CZ,XIY,XMN
CZ,XIY,XNN
CZ,XMN,AMS
CZ,XMN,BKK
CZ,XMN,CAN
CZ,XMN,CGK
CZ,XMN,CGO
CZ,XMN,CKG
CZ,XMN,CSX
CZ,XMN,CTU
CZ,XMN,HAK
CZ,XMN,HFE
CZ,XMN,HGH
CZ,XMN,HKG
CZ,XMN,HSN
CZ,XMN,JUH
CZ,XMN,KHN
CZ,XMN,KMG
CZ,XMN,KUL
CZ,XMN,KWL
CZ,XMN,MFM
CZ,XMN,MNL
CZ,XMN,NGB
CZ,XMN,NKG
CZ,XMN,NNG
CZ,XMN,PEK
CZ,XMN,SHA
CZ,XMN,SHE
CZ,XMN,SIN
CZ,XMN,SYX
CZ,XMN,SZX
CZ,XMN,TAO
CZ,XMN,TNA
CZ,XMN,TSN
CZ,XMN,TXN
CZ,XMN,TYN
CZ,XMN,WUH
CZ,XMN,WXN
CZ,XMN,XFN
CZ,XMN,XIY
CZ,XMN,YIH
CZ,XMN,YIW
CZ,XMN,YNZ
CZ,XMN,ZUH
CZ,XNN,CGO
CZ,XNN,CKG
CZ,XNN,CSX
CZ,XNN,KWE
CZ,XNN,PEK
CZ,XNN,URC
CZ,XNN,XIY
CZ,XUZ,CAN
CZ,XUZ,INC
CZ,XUZ,LYG
CZ,YCU,CKG
CZ,YCU,CSX
CZ,YCU,HRB
CZ,YCU,SYX
CZ,YIH,CAN
CZ,YIH,CKG
CZ,YIH,XMN
CZ,YIN,URC
CZ,YIW,CAN
CZ,YIW,CGO
CZ,YIW,HRB
CZ,YIW,KMG
CZ,YIW,PEK
CZ,YIW,SHE
CZ,YIW,SWA
CZ,YIW,URC
CZ,YIW,XMN
CZ,YIW,ZUH
CZ,YNJ,CGQ
CZ,YNJ,DLC
CZ,YNJ,ICN
CZ,YNJ,PEK
CZ,YNJ,PVG
CZ,YNT,CAN
CZ,YNT,CSX
CZ,YNT,CTU
CZ,YNT,HRB
CZ,YNT,SHE
CZ,YNZ,DLC
CZ,YNZ,HRB
CZ,YNZ,NTG
CZ,YNZ,SHE
CZ,YNZ,WUH
CZ,YNZ,XMN
CZ,YTY,CAN
CZ,YTY,CGO
CZ,YTY,CSX
CZ,YTY,DLC
CZ,YTY,HRB
CZ,YTY,SYX
CZ,YVR,CAN
CZ,ZAT,KMG
CZ,ZHA,CAN
CZ,ZHA,SYX
CZ,ZUH,CGO
CZ,ZUH,CSX
CZ,ZUH,FOC
CZ,ZUH,HAK
CZ,ZUH,HFE
CZ,ZUH,HGH
CZ,ZUH,KHN
CZ,ZUH,KMG
CZ,ZUH,KWE
CZ,ZUH,MXZ
CZ,ZUH,PEK
CZ,ZUH,PVG
CZ,ZUH,SHA
CZ,ZUH,SWA
CZ,ZUH,SYX
CZ,ZUH,WUH
CZ,ZUH,XMN
CZ,ZUH,YIW
CZ,ZYI,CAN
CZ,ZYI,PEK
CZ,ZYI,SZX
TK,AAL,BLL
TK,AAL,IST
TK,ABJ,IST
TK,ACC,ABJ
TK,ACC,IST
TK,ADA,ESB
TK,ADA,IST
TK,ADA,SAW
TK,ADB,ESB
TK,ADB,HAM
TK,ADB,IST
TK,ADB,SAW
TK,ADD,DLA
TK,ADD,HRE
TK,ADD,IST
TK,ADD,JUB
TK,ADD,SSG
TK,ADE,IST
TK,ADF,ESB
TK,ADF,IST
TK,AER,IST
TK,AGP,IST
TK,AJI,ESB
TK,AJI,IST
TK,AKL,BKK
TK,ALA,IST
TK,ALG,IST
TK,AMM,IST
TK,AMS,IST
TK,AMS,SAW
TK,AOE,BRU
TK,AQJ,IST
TK,ARN,IST
TK,ASB,IST
TK,ASF,SAW
TK,ASR,IST
TK,ASR,SAW
TK,ATH,IST
TK,ATL,YYZ
TK,AUH,IST
TK,AYT,BGW
TK,AYT,EBL
TK,AYT,ESB
TK,AYT,HAM
TK,AYT,IST
TK,AYT,SAW
TK,AYT,VKO
TK,BAH,IST
TK,BAH,MCT
TK,BAL,ESB
TK,BAL,IST
TK,BCN,IST
TK,BEG,IST
TK,BEN,IST
TK,BEY,IST
TK,BGG,ESB
TK,BGG,IST
TK,BGW,AYT
TK,BGW,ESB
TK,BGW,IST
TK,BHX,IST
TK,BIO,IST
TK,BIO,SCQ
TK,BJV,ESB
TK,BJV,IST
TK,BJV,SAW
TK,BKK,AKL
TK,BKK,BNE
TK,BKK,HKG
TK,BKK,IST
TK,BKK,KUL
TK,BKK,MEL
TK,BKK,PER
TK,BKK,SGN
TK,BKK,SYD
TK,BLL,AAL
TK,BLL,IST
TK,BLQ,IST
TK,BNE,BKK
TK,BOM,IST
TK,BRE,IST
TK,BRU,AOE
TK,BRU,IST
TK,BRU,SAW
TK,BSL,IST
TK,BSR,IST
TK,BUD,IST
TK,BUS,IST
TK,CAI,IST
TK,CAI,JUB
TK,CAN,IST
TK,CDG,IST
TK,CDG,SAW
TK,CGK,SIN
TK,CGN,IST
TK,CKZ,ESB
TK,CMB,MLE
TK,CMN,IST
TK,CND,IST
TK,CPH,IST
TK,CPT,JNB
TK,DAC,IST
TK,DAR,IST
TK,DEL,IST
TK,DIY,ESB
TK,DIY,IST
TK,DIY,SAW
TK,DKR,IST
TK,DLA,ADD
TK,DLA,IST
TK,DLA,LBV
TK,DLA,SSG
TK,DLM,IST
TK,DMM,IST
TK,DNK,IST
TK,DNZ,IST
TK,DOH,IST
TK,DOK,IST
TK,DUB,IST
TK,DUS,IST
TK,DUS,SAW
TK,DXB,IST
TK,DYU,IST
TK,EBB,IST
TK,EBL,AYT
TK,EBL,IST
TK,ECN,ESB
TK,ECN,IST
TK,ECN,SAW
TK,EDI,IST
TK,ELQ,IST
TK,ERC,ESB
TK,ERC,IST
TK,ERZ,ESB
TK,ERZ,IST
TK,ERZ,SAW
TK,ESB,ADA
TK,ESB,ADB
TK,ESB,ADF
TK,ESB,AJI
TK,ESB,AYT
TK,ESB,BAL
TK,ESB,BGG
TK,ESB,BGW
TK,ESB,BJV
TK,ESB,CKZ
TK,ESB,DIY
TK,ESB,ECN
TK,ESB,ERC
TK,ESB,ERZ
TK,ESB,EZS
TK,ESB,FRA
TK,ESB,GNY
TK,ESB,GZP
TK,ESB,GZT
TK,ESB,HTY
TK,ESB,IGD
TK,ESB,IST
TK,ESB,KCM
TK,ESB,KCO
TK,ESB,KSY
TK,ESB,MLX
TK,ESB,MQM
TK,ESB,MSR
TK,ESB,SAW
TK,ESB,TEQ
TK,ESB,TZX
TK,ESB,VAN
TK,ESB,VIE
TK,ESB,VKO
TK,EZE,GRU
TK,EZS,ESB
TK,EZS,IST
TK,EZS,SAW
TK,FCO,IST
TK,FDH,IST
TK,FIH,IST
TK,FRA,ESB
TK,FRA,IST
TK,FRA,SAW
TK,FRU,IST
TK,FRU,ULN
TK,FUK,ICN
TK,GNY,ESB
TK,GNY,IST
TK,GOA,IST
TK,GOT,IST
TK,GRU,EZE
TK,GRU,IST
TK,GVA,IST
TK,GYD,IST
TK,GZP,ESB
TK,GZT,ESB
TK,GZT,IST
TK,GZT,SAW
TK,HAJ,IST
TK,HAM,ADB
TK,HAM,AYT
TK,HAM,IST
TK,HBE,IST
TK,HEL,IST
TK,HIJ,ICN
TK,HKG,BKK
TK,HKG,IST
TK,HRE,LUN
TK,HRG,IST
TK,HTY,ESB
TK,HTY,IST
TK,HTY,SAW
TK,IAD,IST
TK,IAH,IST
TK,IAH,MSY
TK,ICN,FUK
TK,ICN,HIJ
TK,ICN,IST
TK,ICN,NGO
TK,ICN,SYD
TK,ICN,VVO
TK,IFN,IST
TK,IGD,ESB
TK,IGD,IST
TK,IKA,IST
TK,IKA,SAW
TK,ISB,IST
TK,ISE,IST
TK,IST,AAL
TK,IST,ACC
TK,IST,ADA
TK,IST,ADB
TK,IST,ADD
TK,IST,ADF
TK,IST,AER
TK,IST,AGP
TK,IST,AJI
TK,IST,ALA
TK,IST,ALG
TK,IST,AMM
TK,IST,AMS
TK,IST,AQJ
TK,IST,ARN
TK,IST,ASB
TK,IST,ASR
TK,IST,ATH
TK,IST,AUH
TK,IST,AYT
TK,IST,BAH
TK,IST,BAL
TK,IST,BCN
TK,IST,BEG
TK,IST,BEN
TK,IST,BEY
TK,IST,BGG
TK,IST,BGW
TK,IST,BHX
TK,IST,BIO
TK,IST,BJV
TK,IST,BKK
TK,IST,BLL
TK,IST,BLQ
TK,IST,BOM
TK,IST,BRE
TK,IST,BRU
TK,IST,BSL
TK,IST,BSR
TK,IST,BUD
TK,IST,BUS
TK,IST,CAI
TK,IST,CAN
TK,IST,CDG
TK,IST,CGN
TK,IST,CMN
TK,IST,CND
TK,IST,CPH
TK,IST,DAC
TK,IST,DAR
TK,IST,DEL
TK,IST,DIY
TK,IST,DLA
TK,IST,DLM
TK,IST,DMM
TK,IST,DNK
TK,IST,DNZ
TK,IST,DOH
TK,IST,DOK
TK,IST,DUB
TK,IST,DUS
TK,IST,DXB
TK,IST,DYU
TK,IST,EBL
TK,IST,ECN
TK,IST,EDI
TK,IST,ELQ
TK,IST,ERC
TK,IST,ERZ
TK,IST,ESB
TK,IST,EZS
TK,IST,FCO
TK,IST,FDH
TK,IST,FIH
TK,IST,FRA
TK,IST,FRU
TK,IST,GNY
TK,IST,GOA
TK,IST,GOT
TK,IST,GRU
TK,IST,GVA
TK,IST,GYD
TK,IST,GZT
TK,IST,HAJ
TK,IST,HAM
TK,IST,HBE
TK,IST,HEL
TK,IST,HKG
TK,IST,HRG
TK,IST,HTY
TK,IST,IAD
TK,IST,IAH
TK,IST,ICN
TK,IST,IFN
TK,IST,IGD
TK,IST,IKA
TK,IST,ISB
TK,IST,ISE
TK,IST,ISU
TK,IST,JED
TK,IST,JFK
TK,IST,JIB
TK,IST,JNB
TK,IST,JRO
TK,IST,KAN
TK,IST,KBL
TK,IST,KBP
TK,IST,KCM
TK,IST,KFS
TK,IST,KGL
TK,IST,KHI
TK,IST,KIV
TK,IST,KIX
TK,IST,KRT
TK,IST,KSH
TK,IST,KSY
TK,IST,KTM
TK,IST,KUL
TK,IST,KVD
TK,IST,KWI
TK,IST,KYA
TK,IST,KZN
TK,IST,KZR
TK,IST,LAX
TK,IST,LED
TK,IST,LEJ
TK,IST,LGW
TK,IST,LHE
TK,IST,LHR
TK,IST,LIS
TK,IST,LJU
TK,IST,LOS
TK,IST,LUX
TK,IST,LWO
TK,IST,LYS
TK,IST,MAD
TK,IST,MAN
TK,IST,MCT
TK,IST,MED
TK,IST,MHD
TK,IST,MLA
TK,IST,MLE
TK,IST,MLX
TK,IST,MQM
TK,IST,MRA
TK,IST,MRS
TK,IST,MSQ
TK,IST,MSR
TK,IST,MUC
TK,IST,MXP
TK,IST,MZH
TK,IST,MZR
TK,IST,NAJ
TK,IST,NAP
TK,IST,NAV
TK,IST,NBO
TK,IST,NCE
TK,IST,NIM
TK,IST,NJF
TK,IST,NOP
TK,IST,NRT
TK,IST,NSI
TK,IST,NUE
TK,IST,ODS
TK,IST,ORD
TK,IST,ORN
TK,IST,OSL
TK,IST,OSM
TK,IST,OSS
TK,IST,OTP
TK,IST,OVB
TK,IST,PEK
TK,IST,PRG
TK,IST,PRN
TK,IST,PVG
TK,IST,RIX
TK,IST,ROV
TK,IST,RTM
TK,IST,RUH
TK,IST,SAH
TK,IST,SIN
TK,IST,SJJ
TK,IST,SKG
TK,IST,SKP
TK,IST,SOF
TK,IST,SSH
TK,IST,STR
TK,IST,SVX
TK,IST,SYZ
TK,IST,SZG
TK,IST,TAS
TK,IST,TBS
TK,IST,TBZ
TK,IST,TGD
TK,IST,TIA
TK,IST,TIF
TK,IST,TIP
TK,IST,TLL
TK,IST,TLS
TK,IST,TLV
TK,IST,TRN
TK,IST,TSE
TK,IST,TUN
TK,IST,TXL
TK,IST,TZX
TK,IST,UFA
TK,IST,VAN
TK,IST,VAS
TK,IST,VCE
TK,IST,VIE
TK,IST,VKO
TK,IST,VLC
TK,IST,VNO
TK,IST,WAW
TK,IST,YNB
TK,IST,YYZ
TK,IST,ZAG
TK,IST,ZRH
TK,ISU,IST
TK,JED,IST
TK,JFK,IST
TK,JIB,IST
TK,JIB,MGQ
TK,JNB,CPT
TK,JNB,IST
TK,JRO,MBA
TK,JUB,ADD
TK,JUB,CAI
TK,KAN,NDJ
TK,KBL,IST
TK,KBP,IST
TK,KBP,SAW
TK,KCM,ESB
TK,KCM,IST
TK,KCO,ESB
TK,KFS,IST
TK,KGL,EBB
TK,KHI,IST
TK,KIV,IST
TK,KIX,IST
TK,KRT,IST
TK,KSH,IST
TK,KSY,ESB
TK,KSY,IST
TK,KSY,SAW
TK,KTM,IST
TK,KUL,BKK
TK,KUL,IST
TK,KVD,IST
TK,KWI,IST
TK,KWI,SAW
TK,KYA,IST
TK,KYA,SAW
TK,KZN,IST
TK,KZR,IST
TK,LAX,IST
TK,LBV,IST
TK,LED,IST
TK,LEJ,IST
TK,LGW,IST
TK,LGW,SAW
TK,LHE,IST
TK,LHR,IST
TK,LIS,IST
TK,LJU,IST
TK,LOS,IST
TK,LUX,IST
TK,LWO,IST
TK,LYS,IST
TK,MAD,IST
TK,MAN,IST
TK,MBA,IST
TK,MCT,BAH
TK,MCT,IST
TK,MED,IST
TK,MEL,BKK
TK,MGQ,JIB
TK,MHD,IST
TK,MLA,IST
TK,MLA,SAW
TK,MLE,CMB
TK,MLE,IST
TK,MLX,ESB
TK,MLX,IST
TK,MQM,ESB
TK,MQM,IST
TK,MQM,SAW
TK,MRA,IST
TK,MRS,IST
TK,MSQ,IST
TK,MSR,ESB
TK,MSR,IST
TK,MSY,IAH
TK,MUC,IST
TK,MUC,SAW
TK,MXP,IST
TK,MXP,SAW
TK,MZH,IST
TK,MZR,IST
TK,NAJ,KVD
TK,NAP,IST
TK,NAV,IST
TK,NBO,IST
TK,NCE,IST
TK,NDJ,IST
TK,NGO,ICN
TK,NIM,OUA
TK,NJF,IST
TK,NKC,DKR
TK,NOP,IST
TK,NRT,IST
TK,NSI,DLA
TK,NUE,IST
TK,ODS,IST
TK,ORD,IST
TK,ORN,IST
TK,OSL,IST
TK,OSM,IST
TK,OSS,IST
TK,OTP,IST
TK,OUA,IST
TK,OVB,IST
TK,PEK,IST
TK,PER,BKK
TK,PRG,IST
TK,PRN,IST
TK,PVG,IST
TK,RIX,IST
TK,ROV,IST
TK,RTM,IST
TK,RUH,IST
TK,SAH,ADE
TK,SAW,ADA
TK,SAW,ADB
TK,SAW,AMS
TK,SAW,ASF
TK,SAW,ASR
TK,SAW,AYT
TK,SAW,BJV
TK,SAW,BRU
TK,SAW,CDG
TK,SAW,DIY
TK,SAW,DUS
TK,SAW,ECN
TK,SAW,ERZ
TK,SAW,ESB
TK,SAW,EZS
TK,SAW,FRA
TK,SAW,GZT
TK,SAW,HTY
TK,SAW,IKA
TK,SAW,KBP
TK,SAW,KSY
TK,SAW,KWI
TK,SAW,KYA
TK,SAW,LGW
TK,SAW,MLA
TK,SAW,MQM
TK,SAW,MUC
TK,SAW,MXP
TK,SAW,SJJ
TK,SAW,STW
TK,SAW,TBS
TK,SAW,TLV
TK,SAW,TZX
TK,SAW,VAN
TK,SAW,VAS
TK,SAW,VIE
TK,SCQ,BIO
TK,SGN,BKK
TK,SIN,CGK
TK,SIN,IST
TK,SJJ,IST
TK,SJJ,SAW
TK,SKG,IST
TK,SKP,IST
TK,SOF,IST
TK,SSG,ADD
TK,SSG,DLA
TK,SSH,IST
TK,STR,IST
TK,STW,SAW
TK,SVX,IST
TK,SYD,BKK
TK,SYD,ICN
TK,SYZ,IST
TK,SZG,IST
TK,TAS,IST
TK,TBS,IST
TK,TBS,SAW
TK,TBZ,IST
TK,TEQ,ESB
TK,TGD,IST
TK,TIA,IST
TK,TIF,IST
TK,TIP,IST
TK,TIP,TUN
TK,TLL,IST
TK,TLL,VNO
TK,TLS,IST
TK,TLV,IST
TK,TLV,SAW
TK,TRN,IST
TK,TSE,IST
TK,TUN,IST
TK,TXL,IST
TK,TZX,ESB
TK,TZX,IST
TK,TZX,SAW
TK,UFA,IST
TK,ULN,FRU
TK,VAN,ESB
TK,VAN,IST
TK,VAN,SAW
TK,VAS,IST
TK,VAS,SAW
TK,VCE,IST
TK,VIE,ESB
TK,VIE,IST
TK,VIE,SAW
TK,VKO,AYT
TK,VKO,ESB
TK,VKO,IST
TK,VLC,IST
TK,VNO,IST
TK,VNO,TLL
TK,VVO,ICN
TK,WAW,IST
TK,YNB,IST
TK,YYZ,ATL
TK,YYZ,IST
TK,ZAG,IST
TK,ZRH,IST
UA,ABE,ORD
UA,ABJ,BRU
UA,ABJ,LFW
UA,ABJ,OUA
UA,ABQ,DEN
UA,ABQ,IAH
UA,ABQ,LAX
UA,ABQ,ORD
UA,ABQ,SFO
UA,ACA,IAH
UA,ACV,CEC
UA,ACV,SFO
UA,ACV,SMF
UA,ACY,IAH
UA,ACY,ORD
UA,ADD,JED
UA,AEX,IAH
UA,AGU,IAH
UA,AIA,CDR
UA,AKL,LAX
UA,AKL,SFO
UA,ALA,TSE
UA,ALB,CLE
UA,ALB,EWR
UA,ALB,IAD
UA,ALB,ORD
UA,ALS,DEN
UA,ALS,FMN
UA,AMA,DEN
UA,AMA,IAH
UA,AMS,EWR
UA,AMS,IAD
UA,AMS,IAH
UA,AMS,ORD
UA,ANC,DEN
UA,ANC,ORD
UA,ANC,SEA
UA,ANU,EWR
UA,AOO,IAD
UA,AOO,JST
UA,ARN,EWR
UA,ASB,GYD
UA,ASE,DEN
UA,ASE,LAX
UA,ATL,CLE
UA,ATL,DEN
UA,ATL,EWR
UA,ATL,FRA
UA,ATL,IAD
UA,ATL,IAH
UA,ATL,LGA
UA,ATL,ORD
UA,ATL,SFO
UA,ATL,YYZ
UA,ATW,ORD
UA,AUA,EWR
UA,AUA,IAD
UA,AUH,FRA
UA,AUH,MCT
UA,AUS,CLE
UA,AUS,CUN
UA,AUS,DEN
UA,AUS,EWR
UA,AUS,IAD
UA,AUS,IAH
UA,AUS,LAX
UA,AUS,ORD
UA,AUS,SFO
UA,AVL,ORD
UA,AVP,ORD
UA,BAH,DOH
UA,BAH,KWI
UA,BAQ,MIA
UA,BCN,EWR
UA,BDA,EWR
UA,BDL,IAD
UA,BDL,ORD
UA,BDL,YUL
UA,BDL,YYZ
UA,BFD,CLE
UA,BFD,JHW
UA,BFL,DEN
UA,BFL,IAH
UA,BFL,LAX
UA,BFL,SFO
UA,BFS,EWR
UA,BGM,IAD
UA,BHM,DEN
UA,BHM,IAH
UA,BHM,ORD
UA,BHX,BRU
UA,BHX,EWR
UA,BIL,DEN
UA,BIM,FLL
UA,BIS,DEN
UA,BJL,DKR
UA,BJM,NBO
UA,BJX,IAH
UA,BJX,LAX
UA,BKK,NRT
UA,BKW,IAD
UA,BKW,SHD
UA,BNA,CLE
UA,BNA,DEN
UA,BNA,EWR
UA,BNA,IAD
UA,BNA,IAH
UA,BNA,ORD
UA,BOG,EWR
UA,BOG,IAD
UA,BOG,IAH
UA,BOG,JFK
UA,BOG,MIA
UA,BOI,DEN
UA,BOI,LAX
UA,BOI,ORD
UA,BOI,SFO
UA,BOM,EWR
UA,BON,EWR
UA,BON,IAH
UA,BOS,CLE
UA,BOS,DEN
UA,BOS,DUB
UA,BOS,EWR
UA,BOS,FRA
UA,BOS,IAD
UA,BOS,IAH
UA,BOS,LAX
UA,BOS,MUC
UA,BOS,ORD
UA,BOS,PTY
UA,BOS,SFO
UA,BOS,YHZ
UA,BOS,YOW
UA,BOS,YUL
UA,BOS,YYZ
UA,BOS,ZRH
UA,BQN,EWR
UA,BRO,IAH
UA,BRU,ABJ
UA,BRU,BHX
UA,BRU,BJM
UA,BRU,COO
UA,BRU,DKR
UA,BRU,DLA
UA,BRU,EWR
UA,BRU,FNA
UA,BRU,GOT
UA,BRU,HAJ
UA,BRU,IAD
UA,BRU,JFK
UA,BRU,KGL
UA,BRU,LAD
UA,BRU,MAN
UA,BRU,NSI
UA,BRU,ORD
UA,BRU,OUA
UA,BRU,PRG
UA,BRU,SXB
UA,BTR,IAH
UA,BTV,EWR
UA,BTV,IAD
UA,BTV,ORD
UA,BUF,CLE
UA,BUF,EWR
UA,BUF,IAD
UA,BUF,ORD
UA,BUR,DEN
UA,BUR,SFO
UA,BWI,CLE
UA,BWI,DEN
UA,BWI,EWR
UA,BWI,IAH
UA,BWI,LAX
UA,BWI,ORD
UA,BWI,SFO
UA,BZE,EWR
UA,BZE,IAH
UA,BZN,DEN
UA,BZN,ORD
UA,CAE,IAD
UA,CAE,IAH
UA,CAE,ORD
UA,CAI,JFK
UA,CAK,ORD
UA,CCS,IAH
UA,CDG,EWR
UA,CDG,IAD
UA,CDG,ORD
UA,CDG,SFO
UA,CDR,DEN
UA,CEC,ACV
UA,CEC,SFO
UA,CHO,IAD
UA,CHS,CLE
UA,CHS,EWR
UA,CHS,IAD
UA,CHS,IAH
UA,CHS,ORD
UA,CIC,SFO
UA,CID,DEN
UA,CID,ORD
UA,CKB,IAD
UA,CKB,MGW
UA,CKY,DKR
UA,CLD,LAX
UA,CLE,ALB
UA,CLE,ATL
UA,CLE,AUS
UA,CLE,BFD
UA,CLE,BNA
UA,CLE,BOS
UA,CLE,BUF
UA,CLE,BWI
UA,CLE,CHS
UA,CLE,CLT
UA,CLE,CMH
UA,CLE,CUN
UA,CLE,DAY
UA,CLE,DCA
UA,CLE,DEN
UA,CLE,DFW
UA,CLE,DUJ
UA,CLE,ERI
UA,CLE,EWR
UA,CLE,FKL
UA,CLE,FLL
UA,CLE,FNT
UA,CLE,GRR
UA,CLE,GSP
UA,CLE,IAD
UA,CLE,IAH
UA,CLE,IND
UA,CLE,JHW
UA,CLE,LAS
UA,CLE,LAX
UA,CLE,LGA
UA,CLE,MCI
UA,CLE,MCO
UA,CLE,MKE
UA,CLE,MSP
UA,CLE,MSY
UA,CLE,ORD
UA,CLE,PBI
UA,CLE,PHX
UA,CLE,PKB
UA,CLE,RIC
UA,CLE,ROC
UA,CLE,RSW
UA,CLE,SDF
UA,CLE,SFO
UA,CLE,STL
UA,CLE,SYR
UA,CLE,TPA
UA,CLE,YYZ
UA,CLL,IAH
UA,CLO,BOG
UA,CLO,MIA
UA,CLT,CLE
UA,CLT,EWR
UA,CLT,IAD
UA,CLT,IAH
UA,CLT,ORD
UA,CME,IAH
UA,CMH,CLE
UA,CMH,DEN
UA,CMH,EWR
UA,CMH,IAD
UA,CMH,IAH
UA,CMH,ORD
UA,CMH,YYZ
UA,CMX,ORD
UA,CNS,GUM
UA,COD,DEN
UA,COO,ABJ
UA,COS,DEN
UA,COS,IAD
UA,COS,IAH
UA,COS,LAX
UA,COS,ORD
UA,COS,SFO
UA,CPH,OSL
UA,CPR,DEN
UA,CRP,IAH
UA,CTG,MIA
UA,CTS,GUM
UA,CUN,AUS
UA,CUN,CLE
UA,CUN,DEN
UA,CUN,EWR
UA,CUN,IAD
UA,CUN,IAH
UA,CUN,LAX
UA,CUN,ORD
UA,CUN,SFO
UA,CUU,IAH
UA,CVG,DEN
UA,CVG,EWR
UA,CVG,IAD
UA,CVG,IAH
UA,CVG,ORD
UA,CWA,ORD
UA,CYS,DEN
UA,CYS,WRL
UA,CZM,IAH
UA,DAL,IAH
UA,DAR,NBO
UA,DAY,CLE
UA,DAY,DEN
UA,DAY,EWR
UA,DAY,IAD
UA,DAY,ORD
UA,DCA,CLE
UA,DCA,DEN
UA,DCA,EWR
UA,DCA,IAH
UA,DCA,ORD
UA,DCA,SFO
UA,DDC,DEN
UA,DDC,LBL
UA,DEL,EWR
UA,DEN,ABQ
UA,DEN,AIA
UA,DEN,ALS
UA,DEN,AMA
UA,DEN,ANC
UA,DEN,ASE
UA,DEN,ATL
UA,DEN,AUS
UA,DEN,BFL
UA,DEN,BHM
UA,DEN,BIL
UA,DEN,BIS
UA,DEN,BNA
UA,DEN,BOI
UA,DEN,BOS
UA,DEN,BUR
UA,DEN,BWI
UA,DEN,BZN
UA,DEN,CID
UA,DEN,CLE
UA,DEN,CMH
UA,DEN,COD
UA,DEN,COS
UA,DEN,CPR
UA,DEN,CUN
UA,DEN,CVG
UA,DEN,CYS
UA,DEN,DAY
UA,DEN,DCA
UA,DEN,DFW
UA,DEN,DIK
UA,DEN,DRO
UA,DEN,DSM
UA,DEN,DTW
UA,DEN,EGE
UA,DEN,ELP
UA,DEN,EUG
UA,DEN,EWR
UA,DEN,FAR
UA,DEN,FAT
UA,DEN,FCA
UA,DEN,FLL
UA,DEN,FMN
UA,DEN,FRA
UA,DEN,FSD
UA,DEN,GCC
UA,DEN,GEG
UA,DEN,GJT
UA,DEN,GRR
UA,DEN,GTF
UA,DEN,GUC
UA,DEN,HDN
UA,DEN,HLN
UA,DEN,HNL
UA,DEN,HSV
UA,DEN,IAD
UA,DEN,IAH
UA,DEN,ICT
UA,DEN,IDA
UA,DEN,IND
UA,DEN,ISN
UA,DEN,JAC
UA,DEN,KOA
UA,DEN,LAR
UA,DEN,LAS
UA,DEN,LAX
UA,DEN,LBB
UA,DEN,LGA
UA,DEN,LIH
UA,DEN,LIT
UA,DEN,LNK
UA,DEN,MAF
UA,DEN,MCI
UA,DEN,MCO
UA,DEN,MEM
UA,DEN,MEX
UA,DEN,MFR
UA,DEN,MIA
UA,DEN,MKE
UA,DEN,MLI
UA,DEN,MOT
UA,DEN,MRY
UA,DEN,MSN
UA,DEN,MSO
UA,DEN,MSP
UA,DEN,MSY
UA,DEN,MTJ
UA,DEN,NRT
UA,DEN,OGG
UA,DEN,OKC
UA,DEN,OMA
UA,DEN,ONT
UA,DEN,ORD
UA,DEN,PDX
UA,DEN,PHL
UA,DEN,PHX
UA,DEN,PIA
UA,DEN,PIR
UA,DEN,PIT
UA,DEN,PSC
UA,DEN,PSP
UA,DEN,PUB
UA,DEN,PVR
UA,DEN,RAP
UA,DEN,RDM
UA,DEN,RKS
UA,DEN,RNO
UA,DEN,RSW
UA,DEN,SAF
UA,DEN,SAN
UA,DEN,SAT
UA,DEN,SBA
UA,DEN,SDF
UA,DEN,SEA
UA,DEN,SFO
UA,DEN,SGF
UA,DEN,SGU
UA,DEN,SHV
UA,DEN,SJC
UA,DEN,SJD
UA,DEN,SLC
UA,DEN,SMF
UA,DEN,SNA
UA,DEN,STL
UA,DEN,TPA
UA,DEN,TUL
UA,DEN,TUS
UA,DEN,TYS
UA,DEN,XNA
UA,DEN,YEG
UA,DEN,YMM
UA,DEN,YQR
UA,DEN,YUL
UA,DEN,YVR
UA,DEN,YWG
UA,DEN,YXE
UA,DEN,YYC
UA,DEN,YYZ
UA,DFW,CLE
UA,DFW,DEN
UA,DFW,EWR
UA,DFW,FRA
UA,DFW,IAD
UA,DFW,IAH
UA,DFW,LAX
UA,DFW,ORD
UA,DFW,SAL
UA,DFW,SFO
UA,DFW,YYZ
UA,DGO,IAH
UA,DGO,LAX
UA,DIK,DEN
UA,DKR,BJL
UA,DKR,BRU
UA,DKR,CKY
UA,DKR,IAD
UA,DKR,JNB
UA,DLA,BRU
UA,DLA,FIH
UA,DLA,NSI
UA,DLH,ORD
UA,DME,VIE
UA,DOH,BAH
UA,DOH,DXB
UA,DOH,FRA
UA,DRO,DEN
UA,DSM,DEN
UA,DSM,EWR
UA,DSM,IAH
UA,DSM,ORD
UA,DTW,DEN
UA,DTW,EWR
UA,DTW,FRA
UA,DTW,IAD
UA,DTW,IAH
UA,DTW,ORD
UA,DTW,YYZ
UA,DUB,BOS
UA,DUB,EWR
UA,DUB,IAD
UA,DUB,JFK
UA,DUB,ORD
UA,DUJ,CLE
UA,DUJ,FKL
UA,DUS,EWR
UA,DUS,ORD
UA,DXB,DOH
UA,DXB,IAD
UA,EAU,ORD
UA,EBB,BRU
UA,EDI,BRU
UA,EDI,EWR
UA,EGE,DEN
UA,ELH,FLL
UA,ELH,PBI
UA,ELM,ORD
UA,ELP,DEN
UA,ELP,IAH
UA,ERI,CLE
UA,EUG,DEN
UA,EUG,PDX
UA,EUG,SFO
UA,EVN,VIE
UA,EWR,ALB
UA,EWR,AMS
UA,EWR,ANU
UA,EWR,ARN
UA,EWR,ATL
UA,EWR,AUA
UA,EWR,AUS
UA,EWR,BCN
UA,EWR,BDA
UA,EWR,BFS
UA,EWR,BHX
UA,EWR,BNA
UA,EWR,BOG
UA,EWR,BOM
UA,EWR,BON
UA,EWR,BOS
UA,EWR,BQN
UA,EWR,BRU
UA,EWR,BTV
UA,EWR,BUF
UA,EWR,BWI
UA,EWR,BZE
UA,EWR,CDG
UA,EWR,CHS
UA,EWR,CLE
UA,EWR,CLT
UA,EWR,CMH
UA,EWR,CUN
UA,EWR,CVG
UA,EWR,DAY
UA,EWR,DCA
UA,EWR,DEL
UA,EWR,DEN
UA,EWR,DFW
UA,EWR,DSM
UA,EWR,DTW
UA,EWR,DUB
UA,EWR,DUS
UA,EWR,EDI
UA,EWR,FCO
UA,EWR,FLL
UA,EWR,FRA
UA,EWR,GCM
UA,EWR,GLA
UA,EWR,GRR
UA,EWR,GRU
UA,EWR,GSO
UA,EWR,GSP
UA,EWR,GUA
UA,EWR,GVA
UA,EWR,HAM
UA,EWR,HKG
UA,EWR,HNL
UA,EWR,IAD
UA,EWR,IAH
UA,EWR,IND
UA,EWR,ITH
UA,EWR,JAX
UA,EWR,LAS
UA,EWR,LAX
UA,EWR,LHR
UA,EWR,LIM
UA,EWR,LIR
UA,EWR,LIS
UA,EWR,MAD
UA,EWR,MAN
UA,EWR,MBJ
UA,EWR,MCI
UA,EWR,MCO
UA,EWR,MEM
UA,EWR,MEX
UA,EWR,MHT
UA,EWR,MIA
UA,EWR,MKE
UA,EWR,MSN
UA,EWR,MSP
UA,EWR,MSY
UA,EWR,MUC
UA,EWR,MXP
UA,EWR,MYR
UA,EWR,NAS
UA,EWR,NRT
UA,EWR,OKC
UA,EWR,OMA
UA,EWR,ORD
UA,EWR,ORF
UA,EWR,OSL
UA,EWR,PBI
UA,EWR,PDX
UA,EWR,PEK
UA,EWR,PHX
UA,EWR,PIT
UA,EWR,PLS
UA,EWR,POP
UA,EWR,POS
UA,EWR,PTY
UA,EWR,PUJ
UA,EWR,PVD
UA,EWR,PVG
UA,EWR,PVR
UA,EWR,PWM
UA,EWR,RDU
UA,EWR,RIC
UA,EWR,ROC
UA,EWR,RSW
UA,EWR,SAL
UA,EWR,SAN
UA,EWR,SAP
UA,EWR,SAT
UA,EWR,SAV
UA,EWR,SDF
UA,EWR,SDQ
UA,EWR,SEA
UA,EWR,SFO
UA,EWR,SJD
UA,EWR,SJO
UA,EWR,SJU
UA,EWR,SNA
UA,EWR,SNN
UA,EWR,STL
UA,EWR,STR
UA,EWR,STT
UA,EWR,SXM
UA,EWR,SYR
UA,EWR,TLV
UA,EWR,TPA
UA,EWR,TUL
UA,EWR,TXL
UA,EWR,TYS
UA,EWR,UVF
UA,EWR,XNA
UA,EWR,YEG
UA,EWR,YHZ
UA,EWR,YOW
UA,EWR,YQB
UA,EWR,YQM
UA,EWR,YUL
UA,EWR,YVR
UA,EWR,YYT
UA,EWR,YYZ
UA,EWR,ZRH
UA,EYW,FLL
UA,EYW,RSW
UA,EYW,TPA
UA,EZE,IAH
UA,FAR,DEN
UA,FAR,ORD
UA,FAT,DEN
UA,FAT,LAS
UA,FAT,LAX
UA,FAT,SFO
UA,FAY,IAD
UA,FCA,DEN
UA,FCO,EWR
UA,FCO,IAD
UA,FIH,BRU
UA,FIH,DLA
UA,FKL,CLE
UA,FKL,DUJ
UA,FLL,BIM
UA,FLL,CLE
UA,FLL,DEN
UA,FLL,ELH
UA,FLL,EWR
UA,FLL,EYW
UA,FLL,FPO
UA,FLL,GGT
UA,FLL,GHB
UA,FLL,IAD
UA,FLL,IAH
UA,FLL,MCO
UA,FLL,MHH
UA,FLL,ORD
UA,FLL,SFO
UA,FLL,TCB
UA,FLL,TPA
UA,FMN,ALS
UA,FMN,DEN
UA,FMN,SOW
UA,FNA,ROB
UA,FNT,CLE
UA,FOE,ORD
UA,FPO,FLL
UA,FRA,ATL
UA,FRA,AUH
UA,FRA,BOS
UA,FRA,DEN
UA,FRA,DFW
UA,FRA,DOH
UA,FRA,DTW
UA,FRA,EWR
UA,FRA,GYD
UA,FRA,IAD
UA,FRA,IAH
UA,FRA,JED
UA,FRA,JFK
UA,FRA,LAX
UA,FRA,LOS
UA,FRA,MCO
UA,FRA,MIA
UA,FRA,ORD
UA,FRA,SEA
UA,FRA,SFO
UA,FRA,TSE
UA,FSD,DEN
UA,FSD,ORD
UA,FUK,GUM
UA,FWA,ORD
UA,GCC,DEN
UA,GCM,EWR
UA,GCM,IAD
UA,GCM,IAH
UA,GDL,IAH
UA,GDL,LAX
UA,GDL,SFO
UA,GEG,DEN
UA,GGT,FLL
UA,GGT,GHB
UA,GHB,FLL
UA,GIG,GRU
UA,GIG,IAH
UA,GJT,DEN
UA,GJT,IAH
UA,GLA,EWR
UA,GNV,MCO
UA,GNV,TPA
UA,GOT,ARN
UA,GPT,IAH
UA,GRB,ORD
UA,GRK,IAH
UA,GRR,CLE
UA,GRR,DEN
UA,GRR,EWR
UA,GRR,IAD
UA,GRR,IAH
UA,GRR,ORD
UA,GRU,EWR
UA,GRU,GIG
UA,GRU,IAD
UA,GRU,IAH
UA,GRU,ORD
UA,GSO,EWR
UA,GSO,IAD
UA,GSO,ORD
UA,GSP,CLE
UA,GSP,EWR
UA,GSP,IAD
UA,GSP,IAH
UA,GSP,ORD
UA,GTF,DEN
UA,GUA,EWR
UA,GUA,IAD
UA,GUA,IAH
UA,GUA,MIA
UA,GUC,DEN
UA,GUM,CNS
UA,GUM,CTS
UA,GUM,FUK
UA,GUM,HKG
UA,GUM,HNL
UA,GUM,KIX
UA,GUM,MNL
UA,GUM,NGO
UA,GUM,NRT
UA,GUM,OKJ
UA,GUM,ROP
UA,GUM,ROR
UA,GUM,SDJ
UA,GUM,SPN
UA,GUM,TKK
UA,GUM,YAP
UA,GVA,EWR
UA,GVA,IAD
UA,GVA,JFK
UA,GVA,YUL
UA,GYD,ASB
UA,GYD,FRA
UA,HAJ,BRU
UA,HAM,EWR
UA,HDN,DEN
UA,HKG,EWR
UA,HKG,GUM
UA,HKG,ORD
UA,HKG,SFO
UA,HKG,SGN
UA,HKG,SIN
UA,HLN,DEN
UA,HND,HNL
UA,HND,LAX
UA,HNL,AKL
UA,HNL,DEN
UA,HNL,EWR
UA,HNL,GUM
UA,HNL,HND
UA,HNL,IAD
UA,HNL,IAH
UA,HNL,LAX
UA,HNL,LIH
UA,HNL,MAJ
UA,HNL,NRT
UA,HNL,OGG
UA,HNL,ORD
UA,HNL,PEK
UA,HNL,SFO
UA,HOB,IAH
UA,HON,PIR
UA,HPN,ORD
UA,HRL,IAH
UA,HSV,DEN
UA,HSV,IAD
UA,HSV,IAH
UA,HSV,ORD
UA,HUX,IAH
UA,IAD,ALB
UA,IAD,AMS
UA,IAD,AOO
UA,IAD,ATL
UA,IAD,AUA
UA,IAD,AUS
UA,IAD,BDL
UA,IAD,BGM
UA,IAD,BKW
UA,IAD,BNA
UA,IAD,BOG
UA,IAD,BOS
UA,IAD,BRU
UA,IAD,BTV
UA,IAD,BUF
UA,IAD,CAE
UA,IAD,CDG
UA,IAD,CHO
UA,IAD,CHS
UA,IAD,CLE
UA,IAD,CLT
UA,IAD,CMH
UA,IAD,COS
UA,IAD,CRW
UA,IAD,CUN
UA,IAD,CVG
UA,IAD,DAY
UA,IAD,DEN
UA,IAD,DFW
UA,IAD,DKR
UA,IAD,DTW
UA,IAD,DUB
UA,IAD,DXB
UA,IAD,EWR
UA,IAD,FAY
UA,IAD,FCO
UA,IAD,FLL
UA,IAD,FRA
UA,IAD,GCM
UA,IAD,GRR
UA,IAD,GRU
UA,IAD,GSO
UA,IAD,GSP
UA,IAD,GUA
UA,IAD,GVA
UA,IAD,HNL
UA,IAD,HSV
UA,IAD,IAH
UA,IAD,IND
UA,IAD,JAX
UA,IAD,JFK
UA,IAD,JST
UA,IAD,KWI
UA,IAD,LAS
UA,IAD,LAX
UA,IAD,LGA
UA,IAD,LHR
UA,IAD,LWB
UA,IAD,MAN
UA,IAD,MBJ
UA,IAD,MCI
UA,IAD,MCO
UA,IAD,MDT
UA,IAD,MEX
UA,IAD,MGW
UA,IAD,MIA
UA,IAD,MSP
UA,IAD,MSY
UA,IAD,MUC
UA,IAD,NRT
UA,IAD,OKC
UA,IAD,OMA
UA,IAD,ORD
UA,IAD,ORF
UA,IAD,PDX
UA,IAD,PEK
UA,IAD,PHL
UA,IAD,PHX
UA,IAD,PIT
UA,IAD,PTY
UA,IAD,PUJ
UA,IAD,PVD
UA,IAD,PWM
UA,IAD,RDU
UA,IAD,RIC
UA,IAD,ROA
UA,IAD,ROC
UA,IAD,SAN
UA,IAD,SAT
UA,IAD,SAV
UA,IAD,SCE
UA,IAD,SDF
UA,IAD,SEA
UA,IAD,SFO
UA,IAD,SHD
UA,IAD,SJO
UA,IAD,SJU
UA,IAD,SMF
UA,IAD,STL
UA,IAD,STT
UA,IAD,SXM
UA,IAD,SYR
UA,IAD,TPA
UA,IAD,TUL
UA,IAD,TYS
UA,IAD,VIE
UA,IAD,YOW
UA,IAD,YUL
UA,IAD,YYZ
UA,IAD,ZRH
UA,IAH,ABQ
UA,IAH,ACA
UA,IAH,ACY
UA,IAH,AEX
UA,IAH,AGU
UA,IAH,AMA
UA,IAH,AMS
UA,IAH,ATL
UA,IAH,AUS
UA,IAH,BFL
UA,IAH,BHM
UA,IAH,BJX
UA,IAH,BNA
UA,IAH,BOG
UA,IAH,BON
UA,IAH,BOS
UA,IAH,BRO
UA,IAH,BTR
UA,IAH,BWI
UA,IAH,BZE
UA,IAH,CAE
UA,IAH,CCS
UA,IAH,CHS
UA,IAH,CLE
UA,IAH,CLL
UA,IAH,CLT
UA,IAH,CME
UA,IAH,CMH
UA,IAH,COS
UA,IAH,CRP
UA,IAH,CRW
UA,IAH,CUN
UA,IAH,CUU
UA,IAH,CVG
UA,IAH,CZM
UA,IAH,DAL
UA,IAH,DCA
UA,IAH,DEN
UA,IAH,DFW
UA,IAH,DGO
UA,IAH,DSM
UA,IAH,DTW
UA,IAH,ELP
UA,IAH,EWR
UA,IAH,EZE
UA,IAH,FLL
UA,IAH,FRA
UA,IAH,GCM
UA,IAH,GDL
UA,IAH,GIG
UA,IAH,GJT
UA,IAH,GPT
UA,IAH,GRK
UA,IAH,GRR
UA,IAH,GRU
UA,IAH,GSP
UA,IAH,GUA
UA,IAH,HNL
UA,IAH,HOB
UA,IAH,HRL
UA,IAH,HSV
UA,IAH,HUX
UA,IAH,IAD
UA,IAH,ICT
UA,IAH,IND
UA,IAH,JAN
UA,IAH,JAX
UA,IAH,LAS
UA,IAH,LAX
UA,IAH,LBB
UA,IAH,LCH
UA,IAH,LEX
UA,IAH,LFT
UA,IAH,LGA
UA,IAH,LHR
UA,IAH,LIM
UA,IAH,LIR
UA,IAH,LIT
UA,IAH,LOS
UA,IAH,LRD
UA,IAH,MAF
UA,IAH,MBJ
UA,IAH,MCI
UA,IAH,MCO
UA,IAH,MEM
UA,IAH,MEX
UA,IAH,MFE
UA,IAH,MGA
UA,IAH,MIA
UA,IAH,MID
UA,IAH,MKE
UA,IAH,MLM
UA,IAH,MLU
UA,IAH,MOB
UA,IAH,MSP
UA,IAH,MSY
UA,IAH,MTY
UA,IAH,MUC
UA,IAH,NAS
UA,IAH,NRT
UA,IAH,OAX
UA,IAH,OKC
UA,IAH,OMA
UA,IAH,ONT
UA,IAH,ORD
UA,IAH,ORF
UA,IAH,PBC
UA,IAH,PBI
UA,IAH,PDX
UA,IAH,PEK
UA,IAH,PHL
UA,IAH,PHX
UA,IAH,PIT
UA,IAH,PNS
UA,IAH,POS
UA,IAH,PSP
UA,IAH,PTY
UA,IAH,PVR
UA,IAH,QRO
UA,IAH,RDU
UA,IAH,RIC
UA,IAH,RSW
UA,IAH,RTB
UA,IAH,SAL
UA,IAH,SAN
UA,IAH,SAP
UA,IAH,SAT
UA,IAH,SAV
UA,IAH,SDF
UA,IAH,SEA
UA,IAH,SFO
UA,IAH,SHV
UA,IAH,SJC
UA,IAH,SJD
UA,IAH,SJO
UA,IAH,SJU
UA,IAH,SLC
UA,IAH,SLP
UA,IAH,SLW
UA,IAH,SMF
UA,IAH,SNA
UA,IAH,STL
UA,IAH,TAM
UA,IAH,TGU
UA,IAH,TPA
UA,IAH,TRC
UA,IAH,TUL
UA,IAH,TUS
UA,IAH,TYR
UA,IAH,TYS
UA,IAH,UIO
UA,IAH,VER
UA,IAH,VPS
UA,IAH,VSA
UA,IAH,XNA
UA,IAH,YEG
UA,IAH,YUL
UA,IAH,YVR
UA,IAH,YYC
UA,IAH,YYZ
UA,IAH,ZIH
UA,IAH,ZLO
UA,ICN,JFK
UA,ICN,LAX
UA,ICN,NRT
UA,ICN,REP
UA,ICN,SEA
UA,ICN,SFO
UA,ICT,DEN
UA,ICT,IAH
UA,ICT,LAX
UA,ICT,ORD
UA,IDA,DEN
UA,IGM,PGA
UA,IND,CLE
UA,IND,DEN
UA,IND,EWR
UA,IND,IAD
UA,IND,IAH
UA,IND,ORD
UA,IND,SFO
UA,ISN,DEN
UA,ITH,EWR
UA,ITO,LAX
UA,JAC,DEN
UA,JAN,IAH
UA,JAN,ORD
UA,JAX,EWR
UA,JAX,IAD
UA,JAX,IAH
UA,JAX,MHH
UA,JAX,ORD
UA,JAX,TPA
UA,JED,ADD
UA,JED,FRA
UA,JFK,BOG
UA,JFK,BRU
UA,JFK,CAI
UA,JFK,DUB
UA,JFK,FRA
UA,JFK,GVA
UA,JFK,IAD
UA,JFK,ICN
UA,JFK,JNB
UA,JFK,LAX
UA,JFK,MUC
UA,JFK,NRT
UA,JFK,PEK
UA,JFK,PTY
UA,JFK,SAL
UA,JFK,SFO
UA,JFK,VIE
UA,JFK,ZRH
UA,JHW,BFD
UA,JHW,CLE
UA,JNB,DKR
UA,JNB,JFK
UA,JST,AOO
UA,JST,IAD
UA,KGL,EBB
UA,KGL,NBO
UA,KIX,GUM
UA,KIX,SFO
UA,KOA,DEN
UA,KOA,LAX
UA,KOA,SFO
UA,KSA,KWA
UA,KSA,PNI
UA,KWA,KSA
UA,KWA,MAJ
UA,KWA,PNI
UA,KWI,BAH
UA,KWI,IAD
UA,LAD,FIH
UA,LAN,ORD
UA,LAR,DEN
UA,LAS,CLE
UA,LAS,DEN
UA,LAS,EWR
UA,LAS,FAT
UA,LAS,IAD
UA,LAS,IAH
UA,LAS,LAX
UA,LAS,ORD
UA,LAS,PSP
UA,LAS,PTY
UA,LAS,SFO
UA,LAX,ABQ
UA,LAX,AKL
UA,LAX,ASE
UA,LAX,AUS
UA,LAX,BFL
UA,LAX,BJX
UA,LAX,BOI
UA,LAX,BOS
UA,LAX,BWI
UA,LAX,CLD
UA,LAX,CLE
UA,LAX,COS
UA,LAX,CUN
UA,LAX,DEN
UA,LAX,DFW
UA,LAX,DGO
UA,LAX,EWR
UA,LAX,FAT
UA,LAX,FRA
UA,LAX,GDL
UA,LAX,HND
UA,LAX,HNL
UA,LAX,IAD
UA,LAX,IAH
UA,LAX,ICN
UA,LAX,ICT
UA,LAX,IGM
UA,LAX,ITO
UA,LAX,JFK
UA,LAX,KOA
UA,LAX,LAS
UA,LAX,LHR
UA,LAX,LIH
UA,LAX,MCO
UA,LAX,MEX
UA,LAX,MRY
UA,LAX,MSP
UA,LAX,MSY
UA,LAX,MUC
UA,LAX,NRT
UA,LAX,OGG
UA,LAX,OKC
UA,LAX,ORD
UA,LAX,PDX
UA,LAX,PEK
UA,LAX,PHX
UA,LAX,PIT
UA,LAX,PSP
UA,LAX,PTY
UA,LAX,PVG
UA,LAX,PVR
UA,LAX,RNO
UA,LAX,SAL
UA,LAX,SAN
UA,LAX,SAT
UA,LAX,SBA
UA,LAX,SBP
UA,LAX,SEA
UA,LAX,SFO
UA,LAX,SJC
UA,LAX,SJD
UA,LAX,SLC
UA,LAX,SMF
UA,LAX,SMX
UA,LAX,SYD
UA,LAX,TUS
UA,LAX,YLW
UA,LAX,YUL
UA,LAX,YUM
UA,LAX,YVR
UA,LAX,YYZ
UA,LAX,ZRH
UA,LBB,DEN
UA,LBB,IAH
UA,LBL,DDC
UA,LBL,DEN
UA,LCH,IAH
UA,LED,VIE
UA,LEX,IAH
UA,LEX,ORD
UA,LFT,IAH
UA,LFW,BRU
UA,LGA,CLE
UA,LGA,DEN
UA,LGA,IAD
UA,LGA,IAH
UA,LGA,ORD
UA,LGA,YOW
UA,LGA,YUL
UA,LGA,YYZ
UA,LHR,EWR
UA,LHR,IAD
UA,LHR,IAH
UA,LHR,LAX
UA,LHR,ORD
UA,LHR,SFO
UA,LIH,DEN
UA,LIH,HNL
UA,LIH,LAX
UA,LIH,SFO
UA,LIM,EWR
UA,LIM,IAH
UA,LIM,MIA
UA,LIR,EWR
UA,LIR,IAH
UA,LIS,EWR
UA,LIS,MIA
UA,LIS,TMS
UA,LIT,DEN
UA,LIT,IAH
UA,LIT,ORD
UA,LMT,PDX
UA,LMT,SFO
UA,LNK,DEN
UA,LNK,ORD
UA,LOS,FRA
UA,LOS,IAH
UA,LOS,PHC
UA,LRD,IAH
UA,LWB,IAD
UA,MAD,EWR
UA,MAF,DEN
UA,MAF,IAH
UA,MAJ,HNL
UA,MAJ,KWA
UA,MAN,EWR
UA,MBJ,EWR
UA,MBJ,IAD
UA,MBJ,IAH
UA,MBS,ORD
UA,MCI,CLE
UA,MCI,DEN
UA,MCI,EWR
UA,MCI,IAD
UA,MCI,IAH
UA,MCI,ORD
UA,MCI,SFO
UA,MCO,CLE
UA,MCO,DEN
UA,MCO,EWR
UA,MCO,FLL
UA,MCO,FRA
UA,MCO,GNV
UA,MCO,IAD
UA,MCO,IAH
UA,MCO,LAX
UA,MCO,MHH
UA,MCO,ORD
UA,MCO,PNS
UA,MCO,PTY
UA,MCO,RSW
UA,MCO,SFO
UA,MCO,TLH
UA,MCT,AUH
UA,MDE,MIA
UA,MDT,IAD
UA,MDT,ORD
UA,MEL,SYD
UA,MEM,DEN
UA,MEM,EWR
UA,MEM,IAH
UA,MEM,ORD
UA,MEX,DEN
UA,MEX,EWR
UA,MEX,IAD
UA,MEX,IAH
UA,MEX,LAX
UA,MEX,ORD
UA,MEX,SFO
UA,MFE,IAH
UA,MFR,DEN
UA,MFR,SFO
UA,MGA,IAH
UA,MGW,CKB
UA,MGW,IAD
UA,MHH,FLL
UA,MHH,JAX
UA,MHH,MCO
UA,MHH,PBI
UA,MHT,EWR
UA,MHT,ORD
UA,MIA,BAQ
UA,MIA,BOG
UA,MIA,CLO
UA,MIA,CTG
UA,MIA,DEN
UA,MIA,EWR
UA,MIA,FRA
UA,MIA,GUA
UA,MIA,IAD
UA,MIA,IAH
UA,MIA,LIM
UA,MIA,LIS
UA,MIA,MDE
UA,MIA,ORD
UA,MIA,PTY
UA,MIA,SAL
UA,MIA,SAP
UA,MIA,ZRH
UA,MID,IAH
UA,MKE,CLE
UA,MKE,DEN
UA,MKE,EWR
UA,MKE,IAH
UA,MKE,ORD
UA,MKG,ORD
UA,MLI,DEN
UA,MLI,ORD
UA,MLM,IAH
UA,MLU,IAH
UA,MNL,GUM
UA,MNL,ROR
UA,MOB,IAH
UA,MOB,ORD
UA,MOD,SFO
UA,MOT,DEN
UA,MRY,DEN
UA,MRY,LAX
UA,MRY,SFO
UA,MSN,DEN
UA,MSN,EWR
UA,MSN,ORD
UA,MSO,DEN
UA,MSP,CLE
UA,MSP,DEN
UA,MSP,EWR
UA,MSP,IAD
UA,MSP,IAH
UA,MSP,LAX
UA,MSP,ORD
UA,MSP,SFO
UA,MSP,YYZ
UA,MSY,CLE
UA,MSY,DEN
UA,MSY,EWR
UA,MSY,IAD
UA,MSY,IAH
UA,MSY,LAX
UA,MSY,ORD
UA,MSY,SFO
UA,MSY,YYZ
UA,MTJ,DEN
UA,MTY,IAH
UA,MTY,ORD
UA,MUC,BOS
UA,MUC,EWR
UA,MUC,IAD
UA,MUC,IAH
UA,MUC,JFK
UA,MUC,LAX
UA,MUC,ORD
UA,MUC,SFO
UA,MXP,EWR
UA,MYR,EWR
UA,MYR,ORD
UA,NAS,EWR
UA,NAS,IAH
UA,NAS,ORD
UA,NBO,BRU
UA,NBO,DAR
UA,NBO,ZRH
UA,NGO,GUM
UA,NRT,BKK
UA,NRT,DEN
UA,NRT,EWR
UA,NRT,GUM
UA,NRT,HNL
UA,NRT,IAD
UA,NRT,IAH
UA,NRT,ICN
UA,NRT,JFK
UA,NRT,LAX
UA,NRT,ORD
UA,NRT,SEA
UA,NRT,SFO
UA,NRT,SIN
UA,NRT,SJC
UA,NSI,BRU
UA,NSI,DLA
UA,OAX,IAH
UA,OGG,DEN
UA,OGG,HNL
UA,OGG,LAX
UA,OGG,ORD
UA,OGG,SFO
UA,OKC,DEN
UA,OKC,EWR
UA,OKC,IAD
UA,OKC,IAH
UA,OKC,LAX
UA,OKC,ORD
UA,OKC,SFO
UA,OKJ,GUM
UA,OMA,DEN
UA,OMA,EWR
UA,OMA,IAH
UA,OMA,ORD
UA,ONT,DEN
UA,ONT,IAH
UA,ONT,SFO
UA,ORD,ABE
UA,ORD,ABQ
UA,ORD,ACY
UA,ORD,ALB
UA,ORD,AMS
UA,ORD,ANC
UA,ORD,ATL
UA,ORD,ATW
UA,ORD,AUS
UA,ORD,AVL
UA,ORD,AVP
UA,ORD,BDL
UA,ORD,BHM
UA,ORD,BNA
UA,ORD,BOI
UA,ORD,BOS
UA,ORD,BRU
UA,ORD,BTV
UA,ORD,BUF
UA,ORD,BWI
UA,ORD,BZN
UA,ORD,CAE
UA,ORD,CAK
UA,ORD,CDG
UA,ORD,CHS
UA,ORD,CID
UA,ORD,CLE
UA,ORD,CLT
UA,ORD,CMH
UA,ORD,CMX
UA,ORD,COS
UA,ORD,CRW
UA,ORD,CUN
UA,ORD,CVG
UA,ORD,CWA
UA,ORD,DAY
UA,ORD,DCA
UA,ORD,DEN
UA,ORD,DFW
UA,ORD,DLH
UA,ORD,DSM
UA,ORD,DTW
UA,ORD,DUB
UA,ORD,DUS
UA,ORD,EAU
UA,ORD,ELM
UA,ORD,EWR
UA,ORD,FAR
UA,ORD,FLL
UA,ORD,FOE
UA,ORD,FRA
UA,ORD,FSD
UA,ORD,FWA
UA,ORD,GRB
UA,ORD,GRR
UA,ORD,GRU
UA,ORD,GSO
UA,ORD,GSP
UA,ORD,HKG
UA,ORD,HNL
UA,ORD,HPN
UA,ORD,HSV
UA,ORD,IAD
UA,ORD,IAH
UA,ORD,ICT
UA,ORD,IND
UA,ORD,JAN
UA,ORD,JAX
UA,ORD,LAN
UA,ORD,LAS
UA,ORD,LAX
UA,ORD,LEX
UA,ORD,LGA
UA,ORD,LHR
UA,ORD,LIT
UA,ORD,LNK
UA,ORD,MBS
UA,ORD,MCI
UA,ORD,MCO
UA,ORD,MDT
UA,ORD,MEM
UA,ORD,MEX
UA,ORD,MHT
UA,ORD,MIA
UA,ORD,MKE
UA,ORD,MKG
UA,ORD,MLI
UA,ORD,MOB
UA,ORD,MSN
UA,ORD,MSP
UA,ORD,MSY
UA,ORD,MTY
UA,ORD,MUC
UA,ORD,MYR
UA,ORD,NAS
UA,ORD,NRT
UA,ORD,OGG
UA,ORD,OKC
UA,ORD,OMA
UA,ORD,ORF
UA,ORD,PAH
UA,ORD,PDX
UA,ORD,PEK
UA,ORD,PHL
UA,ORD,PHX
UA,ORD,PIA
UA,ORD,PIT
UA,ORD,PNS
UA,ORD,PTY
UA,ORD,PUJ
UA,ORD,PVD
UA,ORD,PVG
UA,ORD,PVR
UA,ORD,PWM
UA,ORD,RAP
UA,ORD,RDU
UA,ORD,RIC
UA,ORD,ROA
UA,ORD,ROC
UA,ORD,RSW
UA,ORD,SAN
UA,ORD,SAT
UA,ORD,SAV
UA,ORD,SBN
UA,ORD,SCE
UA,ORD,SDF
UA,ORD,SEA
UA,ORD,SFO
UA,ORD,SGF
UA,ORD,SJD
UA,ORD,SJO
UA,ORD,SJU
UA,ORD,SLC
UA,ORD,SMF
UA,ORD,SNA
UA,ORD,SPI
UA,ORD,SRQ
UA,ORD,STC
UA,ORD,STL
UA,ORD,STT
UA,ORD,SXM
UA,ORD,SYR
UA,ORD,TPA
UA,ORD,TUL
UA,ORD,TVC
UA,ORD,TYS
UA,ORD,VIE
UA,ORD,XNA
UA,ORD,YEG
UA,ORD,YHZ
UA,ORD,YOW
UA,ORD,YQB
UA,ORD,YQR
UA,ORD,YUL
UA,ORD,YVR
UA,ORD,YWG
UA,ORD,YXE
UA,ORD,YXU
UA,ORD,YYC
UA,ORD,YYZ
UA,ORD,ZRH
UA,ORF,EWR
UA,ORF,IAD
UA,ORF,IAH
UA,ORF,ORD
UA,OSL,EWR
UA,OTH,SFO
UA,OUA,ABJ
UA,OUA,BRU
UA,PAH,ORD
UA,PBC,IAH
UA,PBI,CLE
UA,PBI,ELH
UA,PBI,EWR
UA,PBI,IAH
UA,PBI,MHH
UA,PBI,TPA
UA,PDX,DEN
UA,PDX,EUG
UA,PDX,EWR
UA,PDX,IAD
UA,PDX,IAH
UA,PDX,LAX
UA,PDX,LMT
UA,PDX,ORD
UA,PDX,RDM
UA,PDX,SEA
UA,PDX,SFO
UA,PDX,YVR
UA,PDX,YYC
UA,PEK,EWR
UA,PEK,HNL
UA,PEK,IAD
UA,PEK,IAH
UA,PEK,JFK
UA,PEK,LAX
UA,PEK,ORD
UA,PEK,SFO
UA,PGA,DEN
UA,PHC,LOS
UA,PHL,DEN
UA,PHL,IAD
UA,PHL,IAH
UA,PHL,ORD
UA,PHL,SFO
UA,PHL,YYZ
UA,PHX,CLE
UA,PHX,DEN
UA,PHX,EWR
UA,PHX,IAD
UA,PHX,IAH
UA,PHX,LAX
UA,PHX,ORD
UA,PHX,SFO
UA,PHX,SOW
UA,PIA,DEN
UA,PIA,ORD
UA,PIR,DEN
UA,PIR,HON
UA,PIT,DEN
UA,PIT,EWR
UA,PIT,IAD
UA,PIT,IAH
UA,PIT,LAX
UA,PIT,ORD
UA,PIT,SFO
UA,PIT,YYZ
UA,PKB,CLE
UA,PLS,EWR
UA,PNI,KSA
UA,PNI,KWA
UA,PNI,TKK
UA,PNS,IAH
UA,PNS,MCO
UA,PNS,ORD
UA,PNS,TPA
UA,POP,EWR
UA,POS,EWR
UA,POS,IAH
UA,PRG,BRU
UA,PSC,DEN
UA,PSC,SFO
UA,PSP,DEN
UA,PSP,IAH
UA,PSP,LAS
UA,PSP,LAX
UA,PSP,SFO
UA,PTY,BOS
UA,PTY,EWR
UA,PTY,IAD
UA,PTY,IAH
UA,PTY,JFK
UA,PTY,LAS
UA,PTY,LAX
UA,PTY,MCO
UA,PTY,MIA
UA,PTY,ORD
UA,PUB,DEN
UA,PUJ,EWR
UA,PUJ,IAD
UA,PUJ,ORD
UA,PVD,EWR
UA,PVD,IAD
UA,PVD,ORD
UA,PVG,EWR
UA,PVG,LAX
UA,PVG,ORD
UA,PVG,SFO
UA,PVR,DEN
UA,PVR,EWR
UA,PVR,IAH
UA,PVR,LAX
UA,PVR,ORD
UA,PVR,SFO
UA,QRO,IAH
UA,RAP,DEN
UA,RAP,ORD
UA,RDD,SFO
UA,RDM,DEN
UA,RDM,PDX
UA,RDM,SFO
UA,RDU,EWR
UA,RDU,IAD
UA,RDU,IAH
UA,RDU,ORD
UA,RDU,SFO
UA,REP,ICN
UA,RIC,CLE
UA,RIC,EWR
UA,RIC,IAD
UA,RIC,IAH
UA,RIC,ORD
UA,RKS,DEN
UA,RNO,DEN
UA,RNO,LAX
UA,RNO,SFO
UA,ROA,IAD
UA,ROA,ORD
UA,ROB,BRU
UA,ROC,CLE
UA,ROC,EWR
UA,ROC,IAD
UA,ROC,ORD
UA,ROP,GUM
UA,ROP,SPN
UA,ROR,GUM
UA,ROR,MNL
UA,ROR,YAP
UA,RSW,CLE
UA,RSW,DEN
UA,RSW,EWR
UA,RSW,EYW
UA,RSW,IAH
UA,RSW,MCO
UA,RSW,ORD
UA,RTB,IAH
UA,SAF,DEN
UA,SAL,DFW
UA,SAL,EWR
UA,SAL,IAH
UA,SAL,JFK
UA,SAL,LAX
UA,SAL,MIA
UA,SAL,SFO
UA,SAN,DEN
UA,SAN,EWR
UA,SAN,IAD
UA,SAN,IAH
UA,SAN,LAX
UA,SAN,ORD
UA,SAN,SFO
UA,SAP,EWR
UA,SAP,IAH
UA,SAP,MIA
UA,SAT,DEN
UA,SAT,EWR
UA,SAT,IAD
UA,SAT,IAH
UA,SAT,LAX
UA,SAT,ORD
UA,SAT,SFO
UA,SAV,EWR
UA,SAV,IAD
UA,SAV,IAH
UA,SAV,ORD
UA,SBA,DEN
UA,SBA,LAX
UA,SBA,SFO
UA,SBN,ORD
UA,SBP,LAX
UA,SBP,SFO
UA,SCE,IAD
UA,SCE,ORD
UA,SDF,CLE
UA,SDF,DEN
UA,SDF,EWR
UA,SDF,IAD
UA,SDF,IAH
UA,SDF,ORD
UA,SDJ,GUM
UA,SDQ,EWR
UA,SEA,ANC
UA,SEA,DEN
UA,SEA,EWR
UA,SEA,FRA
UA,SEA,IAD
UA,SEA,IAH
UA,SEA,ICN
UA,SEA,LAX
UA,SEA,NRT
UA,SEA,ORD
UA,SEA,PDX
UA,SEA,SFO
UA,SEA,YVR
UA,SFO,ABQ
UA,SFO,ACV
UA,SFO,AKL
UA,SFO,ATL
UA,SFO,AUS
UA,SFO,BFL
UA,SFO,BOI
UA,SFO,BOS
UA,SFO,BUR
UA,SFO,BWI
UA,SFO,CDG
UA,SFO,CEC
UA,SFO,CIC
UA,SFO,CLE
UA,SFO,COS
UA,SFO,CUN
UA,SFO,DCA
UA,SFO,DEN
UA,SFO,DFW
UA,SFO,EUG
UA,SFO,EWR
UA,SFO,FAT
UA,SFO,FLL
UA,SFO,FRA
UA,SFO,GDL
UA,SFO,HKG
UA,SFO,HNL
UA,SFO,IAD
UA,SFO,IAH
UA,SFO,ICN
UA,SFO,IND
UA,SFO,JFK
UA,SFO,KIX
UA,SFO,KOA
UA,SFO,LAS
UA,SFO,LAX
UA,SFO,LHR
UA,SFO,LIH
UA,SFO,LMT
UA,SFO,MCI
UA,SFO,MCO
UA,SFO,MEX
UA,SFO,MFR
UA,SFO,MOD
UA,SFO,MRY
UA,SFO,MSP
UA,SFO,MSY
UA,SFO,MUC
UA,SFO,NRT
UA,SFO,OGG
UA,SFO,OKC
UA,SFO,ONT
UA,SFO,ORD
UA,SFO,OTH
UA,SFO,PDX
UA,SFO,PEK
UA,SFO,PHL
UA,SFO,PHX
UA,SFO,PIT
UA,SFO,PSC
UA,SFO,PSP
UA,SFO,PVG
UA,SFO,PVR
UA,SFO,RDD
UA,SFO,RDM
UA,SFO,RDU
UA,SFO,RNO
UA,SFO,SAL
UA,SFO,SAN
UA,SFO,SAT
UA,SFO,SBA
UA,SFO,SBP
UA,SFO,SEA
UA,SFO,SJD
UA,SFO,SLC
UA,SFO,SMF
UA,SFO,SNA
UA,SFO,STL
UA,SFO,SYD
UA,SFO,TPE
UA,SFO,TUS
UA,SFO,YEG
UA,SFO,YUL
UA,SFO,YVR
UA,SFO,YYC
UA,SFO,YYJ
UA,SFO,YYZ
UA,SFO,ZRH
UA,SGF,DEN
UA,SGF,ORD
UA,SGN,HKG
UA,SGU,DEN
UA,SHD,IAD
UA,SHV,DEN
UA,SHV,IAH
UA,SIN,HKG
UA,SIN,NRT
UA,SJC,DEN
UA,SJC,IAH
UA,SJC,LAX
UA,SJC,NRT
UA,SJD,DEN
UA,SJD,EWR
UA,SJD,IAH
UA,SJD,LAX
UA,SJD,ORD
UA,SJD,SFO
UA,SJO,EWR
UA,SJO,IAD
UA,SJO,IAH
UA,SJO,ORD
UA,SJU,EIS
UA,SJU,EWR
UA,SJU,IAD
UA,SJU,IAH
UA,SJU,ORD
UA,SLC,DEN
UA,SLC,IAH
UA,SLC,LAX
UA,SLC,ORD
UA,SLC,SFO
UA,SLP,IAH
UA,SLW,IAH
UA,SMF,ACV
UA,SMF,DEN
UA,SMF,IAD
UA,SMF,IAH
UA,SMF,LAX
UA,SMF,ORD
UA,SMF,SFO
UA,SMX,LAX
UA,SNA,DEN
UA,SNA,EWR
UA,SNA,IAH
UA,SNA,ORD
UA,SNA,SFO
UA,SNN,EWR
UA,SOW,FMN
UA,SOW,PHX
UA,SPN,GUM
UA,SPN,ROP
UA,SRQ,ORD
UA,STC,ORD
UA,STL,CLE
UA,STL,DEN
UA,STL,EWR
UA,STL,IAD
UA,STL,IAH
UA,STL,ORD
UA,STL,SFO
UA,STL,YYZ
UA,STR,EWR
UA,STT,EWR
UA,STT,IAD
UA,STT,ORD
UA,STT,SJU
UA,SXM,EWR
UA,SXM,IAD
UA,SXM,ORD
UA,SYD,LAX
UA,SYD,MEL
UA,SYD,SFO
UA,SYR,CLE
UA,SYR,EWR
UA,SYR,IAD
UA,SYR,ORD
UA,TAM,IAH
UA,TCB,FLL
UA,TGU,IAH
UA,TKK,GUM
UA,TKK,PNI
UA,TLH,MCO
UA,TLH,TPA
UA,TLV,EWR
UA,TPA,CLE
UA,TPA,DEN
UA,TPA,EWR
UA,TPA,EYW
UA,TPA,FLL
UA,TPA,GNV
UA,TPA,IAD
UA,TPA,IAH
UA,TPA,JAX
UA,TPA,ORD
UA,TPA,PBI
UA,TPA,PNS
UA,TPA,TLH
UA,TPE,SFO
UA,TRC,IAH
UA,TRN,BRU
UA,TSE,ALA
UA,TSE,FRA
UA,TUL,DEN
UA,TUL,EWR
UA,TUL,IAD
UA,TUL,IAH
UA,TUL,ORD
UA,TUS,DEN
UA,TUS,IAH
UA,TUS,LAX
UA,TUS,SFO
UA,TVC,ORD
UA,TXL,EWR
UA,TYR,IAH
UA,TYS,DEN
UA,TYS,EWR
UA,TYS,IAD
UA,TYS,IAH
UA,TYS,ORD
UA,UIO,IAH
UA,UVF,EWR
UA,VER,IAH
UA,VIE,DME
UA,VIE,EVN
UA,VIE,IAD
UA,VIE,JFK
UA,VIE,LED
UA,VIE,ORD
UA,VPS,IAH
UA,VSA,IAH
UA,WRL,CYS
UA,XNA,DEN
UA,XNA,EWR
UA,XNA,IAH
UA,XNA,ORD
UA,YAP,GUM
UA,YAP,ROR
UA,YEG,DEN
UA,YEG,EWR
UA,YEG,IAH
UA,YEG,ORD
UA,YEG,SFO
UA,YHZ,BOS
UA,YHZ,EWR
UA,YHZ,ORD
UA,YLW,LAX
UA,YMM,DEN
UA,YOW,BOS
UA,YOW,EWR
UA,YOW,IAD
UA,YOW,LGA
UA,YOW,ORD
UA,YQB,EWR
UA,YQB,ORD
UA,YQM,EWR
UA,YQR,DEN
UA,YQR,ORD
UA,YUL,BDL
UA,YUL,BOS
UA,YUL,DEN
UA,YUL,EWR
UA,YUL,GVA
UA,YUL,IAD
UA,YUL,IAH
UA,YUL,LAX
UA,YUL,LGA
UA,YUL,ORD
UA,YUL,SFO
UA,YUL,YYZ
UA,YUM,LAX
UA,YVR,DEN
UA,YVR,EWR
UA,YVR,IAH
UA,YVR,LAX
UA,YVR,ORD
UA,YVR,PDX
UA,YVR,SEA
UA,YVR,SFO
UA,YWG,DEN
UA,YWG,ORD
UA,YXE,DEN
UA,YXE,ORD
UA,YXU,ORD
UA,YYC,DEN
UA,YYC,IAH
UA,YYC,ORD
UA,YYC,PDX
UA,YYC,SFO
UA,YYJ,SFO
UA,YYT,EWR
UA,YYZ,ATL
UA,YYZ,BDL
UA,YYZ,BOS
UA,YYZ,CLE
UA,YYZ,CMH
UA,YYZ,DEN
UA,YYZ,DFW
UA,YYZ,DTW
UA,YYZ,EWR
UA,YYZ,IAD
UA,YYZ,IAH
UA,YYZ,LAX
UA,YYZ,LGA
UA,YYZ,MSP
UA,YYZ,MSY
UA,YYZ,ORD
UA,YYZ,PHL
UA,YYZ,PIT
UA,YYZ,SFO
UA,YYZ,STL
UA,YYZ,YUL
UA,ZIH,IAH
UA,ZLO,IAH
UA,ZRH,BOS
UA,ZRH,EWR
UA,ZRH,IAD
UA,ZRH,JFK
UA,ZRH,LAX
UA,ZRH,MIA
UA,ZRH,NBO
UA,ZRH,ORD
UA,ZRH,SFO
WN,ABQ,BWI
WN,ABQ,DAL
WN,ABQ,DEN
WN,ABQ,HOU
WN,ABQ,LAS
WN,ABQ,LAX
WN,ABQ,MCI
WN,ABQ,MDW
WN,ABQ,OAK
WN,ABQ,PDX
WN,ABQ,PHX
WN,ABQ,SAN
WN,ABQ,SEA
WN,ALB,BWI
WN,ALB,FLL
WN,ALB,LAS
WN,ALB,MCO
WN,ALB,MDW
WN,ALB,TPA
WN,AMA,DAL
WN,AMA,DEN
WN,AMA,LAS
WN,ATL,AUA
WN,ATL,AUS
WN,ATL,BDL
WN,ATL,BOS
WN,ATL,BWI
WN,ATL,CAK
WN,ATL,CHS
WN,ATL,CMH
WN,ATL,CUN
WN,ATL,DAY
WN,ATL,DCA
WN,ATL,DEN
WN,ATL,DTW
WN,ATL,FLL
WN,ATL,HOU
WN,ATL,IND
WN,ATL,JAX
WN,ATL,LAS
WN,ATL,LAX
WN,ATL,LGA
WN,ATL,MBJ
WN,ATL,MCI
WN,ATL,MCO
WN,ATL,MDW
WN,ATL,MKE
WN,ATL,MSP
WN,ATL,MSY
WN,ATL,NAS
WN,ATL,OKC
WN,ATL,ORF
WN,ATL,PBI
WN,ATL,PHL
WN,ATL,PHX
WN,ATL,PIT
WN,ATL,PUJ
WN,ATL,RDU
WN,ATL,RIC
WN,ATL,RSW
WN,ATL,SAN
WN,ATL,SAT
WN,ATL,SDF
WN,ATL,SFO
WN,ATL,SJU
WN,ATL,STL
WN,ATL,TPA
WN,AUA,ATL
WN,AUS,ATL
WN,AUS,BNA
WN,AUS,BWI
WN,AUS,DAL
WN,AUS,DCA
WN,AUS,DEN
WN,AUS,ELP
WN,AUS,EWR
WN,AUS,FLL
WN,AUS,HOU
WN,AUS,HRL
WN,AUS,LAS
WN,AUS,LAX
WN,AUS,LBB
WN,AUS,MCO
WN,AUS,MDW
WN,AUS,MSY
WN,AUS,OAK
WN,AUS,PHX
WN,AUS,SAN
WN,AUS,SJC
WN,AUS,TPA
WN,BDL,ATL
WN,BDL,BWI
WN,BDL,DEN
WN,BDL,FLL
WN,BDL,LAS
WN,BDL,MCO
WN,BDL,MDW
WN,BDL,RSW
WN,BDL,TPA
WN,BHM,BWI
WN,BHM,DAL
WN,BHM,HOU
WN,BHM,LAS
WN,BHM,MCO
WN,BHM,MDW
WN,BHM,TPA
WN,BKG,DAL
WN,BKG,HOU
WN,BKG,MDW
WN,BNA,AUS
WN,BNA,BOS
WN,BNA,BWI
WN,BNA,CHS
WN,BNA,CLE
WN,BNA,CMH
WN,BNA,DEN
WN,BNA,DTW
WN,BNA,ECP
WN,BNA,EWR
WN,BNA,FLL
WN,BNA,GSP
WN,BNA,HOU
WN,BNA,JAX
WN,BNA,LAS
WN,BNA,LAX
WN,BNA,LGA
WN,BNA,MCI
WN,BNA,MCO
WN,BNA,MDW
WN,BNA,MSY
WN,BNA,PHL
WN,BNA,PHX
WN,BNA,PIT
WN,BNA,PNS
WN,BNA,RDU
WN,BNA,SAN
WN,BNA,SAT
WN,BNA,STL
WN,BNA,TPA
WN,BOI,DEN
WN,BOI,GEG
WN,BOI,LAS
WN,BOI,OAK
WN,BOI,PHX
WN,BOS,ATL
WN,BOS,BNA
WN,BOS,BWI
WN,BOS,CAK
WN,BOS,DEN
WN,BOS,HOU
WN,BOS,MCI
WN,BOS,MCO
WN,BOS,MDW
WN,BOS,MKE
WN,BOS,STL
WN,BUF,BWI
WN,BUF,FLL
WN,BUF,LAS
WN,BUF,MCO
WN,BUF,MDW
WN,BUF,PHX
WN,BUF,TPA
WN,BUR,DEN
WN,BUR,LAS
WN,BUR,OAK
WN,BUR,PHX
WN,BUR,SJC
WN,BUR,SMF
WN,BWI,ABQ
WN,BWI,ALB
WN,BWI,ATL
WN,BWI,AUS
WN,BWI,BDL
WN,BWI,BHM
WN,BWI,BNA
WN,BWI,BOS
WN,BWI,BUF
WN,BWI,CHS
WN,BWI,CLE
WN,BWI,CLT
WN,BWI,CMH
WN,BWI,DAY
WN,BWI,DEN
WN,BWI,DTW
WN,BWI,ECP
WN,BWI,FLL
WN,BWI,FNT
WN,BWI,GRR
WN,BWI,GSP
WN,BWI,HOU
WN,BWI,IND
WN,BWI,ISP
WN,BWI,JAX
WN,BWI,LAS
WN,BWI,LAX
WN,BWI,LIT
WN,BWI,MCI
WN,BWI,MCO
WN,BWI,MDW
WN,BWI,MEM
WN,BWI,MHT
WN,BWI,MKE
WN,BWI,MSY
WN,BWI,OKC
WN,BWI,ORF
WN,BWI,PBI
WN,BWI,PHX
WN,BWI,PIT
WN,BWI,PVD
WN,BWI,PWM
WN,BWI,RDU
WN,BWI,ROC
WN,BWI,RSW
WN,BWI,SAN
WN,BWI,SAT
WN,BWI,SDF
WN,BWI,SEA
WN,BWI,SJU
WN,BWI,SLC
WN,BWI,STL
WN,BWI,TPA
WN,CAK,ATL
WN,CAK,BOS
WN,CAK,DEN
WN,CAK,LGA
WN,CAK,MCO
WN,CAK,TPA
WN,CHS,BNA
WN,CHS,BWI
WN,CHS,HOU
WN,CHS,MDW
WN,CLE,BNA
WN,CLE,BWI
WN,CLE,LAS
WN,CLE,MDW
WN,CLT,BWI
WN,CLT,HOU
WN,CLT,MCO
WN,CLT,MDW
WN,CMH,ATL
WN,CMH,BNA
WN,CMH,BWI
WN,CMH,DEN
WN,CMH,FLL
WN,CMH,LAS
WN,CMH,MCO
WN,CMH,MDW
WN,CMH,PHX
WN,CMH,RSW
WN,CMH,STL
WN,CMH,TPA
WN,CRP,HOU
WN,CUN,ATL
WN,DAL,ABQ
WN,DAL,AMA
WN,DAL,AUS
WN,DAL,BHM
WN,DAL,BKG
WN,DAL,ELP
WN,DAL,HOU
WN,DAL,HRL
WN,DAL,ICT
WN,DAL,LBB
WN,DAL,LIT
WN,DAL,MAF
WN,DAL,MCI
WN,DAL,MSY
WN,DAL,OKC
WN,DAL,SAT
WN,DAL,STL
WN,DAL,TUL
WN,DAY,ATL
WN,DAY,BWI
WN,DAY,DEN
WN,DAY,MCO
WN,DAY,TPA
WN,DCA,ATL
WN,DCA,AUS
WN,DCA,HOU
WN,DCA,MCI
WN,DCA,MKE
WN,DCA,RSW
WN,DCA,STL
WN,DEN,ABQ
WN,DEN,AMA
WN,DEN,ATL
WN,DEN,AUS
WN,DEN,BDL
WN,DEN,BNA
WN,DEN,BOI
WN,DEN,BOS
WN,DEN,BUR
WN,DEN,BWI
WN,DEN,CAK
WN,DEN,CMH
WN,DEN,DAY
WN,DEN,DTW
WN,DEN,EWR
WN,DEN,FLL
WN,DEN,GEG
WN,DEN,GRR
WN,DEN,HOU
WN,DEN,IAD
WN,DEN,IND
WN,DEN,JAX
WN,DEN,LAS
WN,DEN,LAX
WN,DEN,LGA
WN,DEN,MCI
WN,DEN,MCO
WN,DEN,MDW
WN,DEN,MKE
WN,DEN,MSP
WN,DEN,MSY
WN,DEN,OAK
WN,DEN,OKC
WN,DEN,OMA
WN,DEN,ONT
WN,DEN,PDX
WN,DEN,PHL
WN,DEN,PHX
WN,DEN,PIT
WN,DEN,RDU
WN,DEN,RNO
WN,DEN,SAN
WN,DEN,SAT
WN,DEN,SDF
WN,DEN,SEA
WN,DEN,SFO
WN,DEN,SJC
WN,DEN,SLC
WN,DEN,SMF
WN,DEN,SNA
WN,DEN,STL
WN,DEN,TPA
WN,DEN,TUL
WN,DEN,TUS
WN,DFW,RSW
WN,DSM,LAS
WN,DSM,MDW
WN,DTW,ATL
WN,DTW,BNA
WN,DTW,BWI
WN,DTW,DEN
WN,DTW,LAS
WN,DTW,MDW
WN,DTW,PHX
WN,DTW,STL
WN,ECP,BNA
WN,ECP,BWI
WN,ECP,HOU
WN,ECP,STL
WN,ELP,AUS
WN,ELP,DAL
WN,ELP,HOU
WN,ELP,LAS
WN,ELP,LAX
WN,ELP,PHX
WN,ELP,SAT
WN,EWR,AUS
WN,EWR,BNA
WN,EWR,DEN
WN,EWR,HOU
WN,EWR,MDW
WN,EWR,MSY
WN,EWR,PHX
WN,EWR,STL
WN,EYW,MCO
WN,EYW,MSY
WN,EYW,TPA
WN,FLL,ALB
WN,FLL,ATL
WN,FLL,AUS
WN,FLL,BDL
WN,FLL,BNA
WN,FLL,BUF
WN,FLL,BWI
WN,FLL,CMH
WN,FLL,DEN
WN,FLL,HOU
WN,FLL,IND
WN,FLL,ISP
WN,FLL,JAX
WN,FLL,LAS
WN,FLL,MCI
WN,FLL,MDW
WN,FLL,MKE
WN,FLL,MSY
WN,FLL,PHL
WN,FLL,PHX
WN,FLL,PIT
WN,FLL,PVD
WN,FLL,RDU
WN,FLL,SJU
WN,FLL,STL
WN,FLL,TPA
WN,FNT,BWI
WN,FNT,LAS
WN,FNT,MCO
WN,FNT,TPA
WN,GEG,BOI
WN,GEG,DEN
WN,GEG,LAS
WN,GEG,OAK
WN,GEG,PHX
WN,GRR,BWI
WN,GRR,DEN
WN,GRR,MCO
WN,GRR,STL
WN,GRR,TPA
WN,GSP,BNA
WN,GSP,BWI
WN,GSP,HOU
WN,GSP,MDW
WN,HOU,ABQ
WN,HOU,ATL
WN,HOU,AUS
WN,HOU,BHM
WN,HOU,BKG
WN,HOU,BNA
WN,HOU,BOS
WN,HOU,BWI
WN,HOU,CHS
WN,HOU,CLT
WN,HOU,CRP
WN,HOU,DAL
WN,HOU,DCA
WN,HOU,DEN
WN,HOU,ECP
WN,HOU,ELP
WN,HOU,EWR
WN,HOU,FLL
WN,HOU,GSP
WN,HOU,HRL
WN,HOU,IND
WN,HOU,JAN
WN,HOU,JAX
WN,HOU,LAS
WN,HOU,LAX
WN,HOU,LGA
WN,HOU,LIT
WN,HOU,MAF
WN,HOU,MCI
WN,HOU,MCO
WN,HOU,MDW
WN,HOU,MEM
WN,HOU,MSY
WN,HOU,OAK
WN,HOU,OKC
WN,HOU,PHX
WN,HOU,PIT
WN,HOU,PNS
WN,HOU,RDU
WN,HOU,SAN
WN,HOU,SAT
WN,HOU,SNA
WN,HOU,STL
WN,HOU,TPA
WN,HOU,TUL
WN,HRL,AUS
WN,HRL,DAL
WN,HRL,HOU
WN,HRL,SAT
WN,IAD,DEN
WN,IAD,MDW
WN,ICT,DAL
WN,ICT,LAS
WN,ICT,MDW
WN,IND,ATL
WN,IND,BWI
WN,IND,DEN
WN,IND,FLL
WN,IND,HOU
WN,IND,LAS
WN,IND,MCI
WN,IND,MCO
WN,IND,PHX
WN,IND,RSW
WN,IND,TPA
WN,ISP,BWI
WN,ISP,FLL
WN,ISP,MCO
WN,ISP,PBI
WN,ISP,TPA
WN,JAN,HOU
WN,JAN,MCO
WN,JAN,MDW
WN,JAX,ATL
WN,JAX,BNA
WN,JAX,BWI
WN,JAX,DEN
WN,JAX,FLL
WN,JAX,HOU
WN,JAX,LAS
WN,JAX,MDW
WN,LAS,ABQ
WN,LAS,ALB
WN,LAS,AMA
WN,LAS,ATL
WN,LAS,AUS
WN,LAS,BDL
WN,LAS,BHM
WN,LAS,BNA
WN,LAS,BOI
WN,LAS,BUF
WN,LAS,BUR
WN,LAS,BWI
WN,LAS,CLE
WN,LAS,CMH
WN,LAS,DEN
WN,LAS,DSM
WN,LAS,DTW
WN,LAS,ELP
WN,LAS,FLL
WN,LAS,FNT
WN,LAS,GEG
WN,LAS,HOU
WN,LAS,ICT
WN,LAS,IND
WN,LAS,JAX
WN,LAS,LAX
WN,LAS,LBB
WN,LAS,LIT
WN,LAS,MAF
WN,LAS,MCI
WN,LAS,MCO
WN,LAS,MDW
WN,LAS,MKE
WN,LAS,MSY
WN,LAS,OAK
WN,LAS,OKC
WN,LAS,OMA
WN,LAS,ONT
WN,LAS,PDX
WN,LAS,PHL
WN,LAS,PHX
WN,LAS,PIT
WN,LAS,RDU
WN,LAS,RNO
WN,LAS,SAN
WN,LAS,SAT
WN,LAS,SDF
WN,LAS,SEA
WN,LAS,SFO
WN,LAS,SJC
WN,LAS,SLC
WN,LAS,SMF
WN,LAS,SNA
WN,LAS,STL
WN,LAS,TPA
WN,LAS,TUL
WN,LAS,TUS
WN,LAX,ABQ
WN,LAX,ATL
WN,LAX,AUS
WN,LAX,BNA
WN,LAX,BWI
WN,LAX,DEN
WN,LAX,ELP
WN,LAX,HOU
WN,LAX,LAS
WN,LAX,MCI
WN,LAX,MDW
WN,LAX,MKE
WN,LAX,MSY
WN,LAX,OAK
WN,LAX,PHX
WN,LAX,RNO
WN,LAX,SAT
WN,LAX,SFO
WN,LAX,SJC
WN,LAX,SLC
WN,LAX,SMF
WN,LAX,STL
WN,LAX,TUS
WN,LBB,AUS
WN,LBB,DAL
WN,LBB,LAS
WN,LGA,ATL
WN,LGA,BNA
WN,LGA,CAK
WN,LGA,DEN
WN,LGA,HOU
WN,LGA,MDW
WN,LGA,MKE
WN,LGA,STL
WN,LIT,BWI
WN,LIT,DAL
WN,LIT,HOU
WN,LIT,LAS
WN,LIT,MDW
WN,LIT,PHX
WN,MAF,DAL
WN,MAF,HOU
WN,MAF,LAS
WN,MBJ,ATL
WN,MCI,ABQ
WN,MCI,ATL
WN,MCI,BNA
WN,MCI,BOS
WN,MCI,BWI
WN,MCI,DAL
WN,MCI,DCA
WN,MCI,DEN
WN,MCI,FLL
WN,MCI,HOU
WN,MCI,IND
WN,MCI,LAS
WN,MCI,LAX
WN,MCI,MCO
WN,MCI,MDW
WN,MCI,MKE
WN,MCI,MSP
WN,MCI,MSY
WN,MCI,OAK
WN,MCI,PDX
WN,MCI,PHX
WN,MCI,SAN
WN,MCI,STL
WN,MCI,TPA
WN,MCO,ALB
WN,MCO,ATL
WN,MCO,AUS
WN,MCO,BDL
WN,MCO,BHM
WN,MCO,BNA
WN,MCO,BOS
WN,MCO,BUF
WN,MCO,BWI
WN,MCO,CAK
WN,MCO,CLT
WN,MCO,CMH
WN,MCO,DAY
WN,MCO,DEN
WN,MCO,EYW
WN,MCO,FNT
WN,MCO,GRR
WN,MCO,HOU
WN,MCO,IND
WN,MCO,ISP
WN,MCO,JAN
WN,MCO,LAS
WN,MCO,MCI
WN,MCO,MDW
WN,MCO,MEM
WN,MCO,MHT
WN,MCO,MKE
WN,MCO,MSP
WN,MCO,MSY
WN,MCO,ORF
WN,MCO,PHL
WN,MCO,PHX
WN,MCO,PIT
WN,MCO,PVD
WN,MCO,RDU
WN,MCO,RIC
WN,MCO,ROC
WN,MCO,SAT
WN,MCO,SDF
WN,MCO,SJU
WN,MCO,STL
WN,MDW,ABQ
WN,MDW,ALB
WN,MDW,ATL
WN,MDW,AUS
WN,MDW,BDL
WN,MDW,BHM
WN,MDW,BKG
WN,MDW,BNA
WN,MDW,BOS
WN,MDW,BUF
WN,MDW,BWI
WN,MDW,CHS
WN,MDW,CLE
WN,MDW,CLT
WN,MDW,CMH
WN,MDW,DEN
WN,MDW,DSM
WN,MDW,DTW
WN,MDW,EWR
WN,MDW,FLL
WN,MDW,GSP
WN,MDW,HOU
WN,MDW,IAD
WN,MDW,ICT
WN,MDW,JAN
WN,MDW,JAX
WN,MDW,LAS
WN,MDW,LAX
WN,MDW,LGA
WN,MDW,LIT
WN,MDW,MCI
WN,MDW,MCO
WN,MDW,MEM
WN,MDW,MHT
WN,MDW,MSP
WN,MDW,MSY
WN,MDW,OAK
WN,MDW,OKC
WN,MDW,OMA
WN,MDW,ONT
WN,MDW,ORF
WN,MDW,PDX
WN,MDW,PHL
WN,MDW,PHX
WN,MDW,PIT
WN,MDW,PVD
WN,MDW,RDU
WN,MDW,RNO
WN,MDW,ROC
WN,MDW,RSW
WN,MDW,SAN
WN,MDW,SAT
WN,MDW,SDF
WN,MDW,SEA
WN,MDW,SFO
WN,MDW,SJC
WN,MDW,SLC
WN,MDW,SMF
WN,MDW,STL
WN,MDW,TPA
WN,MDW,TUL
WN,MDW,TUS
WN,MEM,BWI
WN,MEM,HOU
WN,MEM,MCO
WN,MEM,MDW
WN,MEM,TPA
WN,MHT,BWI
WN,MHT,MCO
WN,MHT,MDW
WN,MHT,TPA
WN,MKE,ATL
WN,MKE,BOS
WN,MKE,BWI
WN,MKE,DCA
WN,MKE,DEN
WN,MKE,FLL
WN,MKE,LAS
WN,MKE,LAX
WN,MKE,LGA
WN,MKE,MCI
WN,MKE,MCO
WN,MKE,MSP
WN,MKE,MSY
WN,MKE,PHX
WN,MKE,RSW
WN,MKE,SEA
WN,MKE,SFO
WN,MKE,STL
WN,MKE,TPA
WN,MSP,ATL
WN,MSP,DEN
WN,MSP,MCI
WN,MSP,MCO
WN,MSP,MDW
WN,MSP,MKE
WN,MSP,PHX
WN,MSP,STL
WN,MSY,ATL
WN,MSY,AUS
WN,MSY,BNA
WN,MSY,BWI
WN,MSY,DAL
WN,MSY,DEN
WN,MSY,EWR
WN,MSY,EYW
WN,MSY,FLL
WN,MSY,HOU
WN,MSY,LAS
WN,MSY,LAX
WN,MSY,MCI
WN,MSY,MCO
WN,MSY,MDW
WN,MSY,MKE
WN,MSY,PHX
WN,MSY,SAN
WN,MSY,STL
WN,MSY,TPA
WN,NAS,ATL
WN,OAK,ABQ
WN,OAK,AUS
WN,OAK,BOI
WN,OAK,BUR
WN,OAK,DEN
WN,OAK,GEG
WN,OAK,HOU
WN,OAK,LAS
WN,OAK,LAX
WN,OAK,MCI
WN,OAK,MDW
WN,OAK,ONT
WN,OAK,PDX
WN,OAK,PHX
WN,OAK,SAN
WN,OAK,SEA
WN,OAK,SLC
WN,OAK,SNA
WN,OKC,ATL
WN,OKC,BWI
WN,OKC,DAL
WN,OKC,DEN
WN,OKC,HOU
WN,OKC,LAS
WN,OKC,MDW
WN,OKC,PHX
WN,OKC,STL
WN,OMA,DEN
WN,OMA,LAS
WN,OMA,MDW
WN,OMA,PHX
WN,OMA,STL
WN,ONT,DEN
WN,ONT,LAS
WN,ONT,MDW
WN,ONT,OAK
WN,ONT,PHX
WN,ONT,SJC
WN,ONT,SMF
WN,ORF,ATL
WN,ORF,BWI
WN,ORF,MCO
WN,ORF,MDW
WN,PBI,ATL
WN,PBI,BWI
WN,PBI,ISP
WN,PDX,ABQ
WN,PDX,DEN
WN,PDX,LAS
WN,PDX,MCI
WN,PDX,MDW
WN,PDX,OAK
WN,PDX,PHX
WN,PDX,RNO
WN,PDX,SJC
WN,PDX,SLC
WN,PDX,SMF
WN,PHL,ATL
WN,PHL,BNA
WN,PHL,DEN
WN,PHL,FLL
WN,PHL,LAS
WN,PHL,MCO
WN,PHL,MDW
WN,PHL,PHX
WN,PHL,RSW
WN,PHL,STL
WN,PHL,TPA
WN,PHX,ABQ
WN,PHX,ATL
WN,PHX,AUS
WN,PHX,BNA
WN,PHX,BOI
WN,PHX,BUF
WN,PHX,BUR
WN,PHX,BWI
WN,PHX,CMH
WN,PHX,DEN
WN,PHX,DTW
WN,PHX,ELP
WN,PHX,EWR
WN,PHX,FLL
WN,PHX,GEG
WN,PHX,HOU
WN,PHX,IND
WN,PHX,LAS
WN,PHX,LAX
WN,PHX,LIT
WN,PHX,MCI
WN,PHX,MCO
WN,PHX,MDW
WN,PHX,MKE
WN,PHX,MSP
WN,PHX,MSY
WN,PHX,OAK
WN,PHX,OKC
WN,PHX,OMA
WN,PHX,ONT
WN,PHX,PDX
WN,PHX,PHL
WN,PHX,PIT
WN,PHX,RDU
WN,PHX,RNO
WN,PHX,SAN
WN,PHX,SAT
WN,PHX,SDF
WN,PHX,SEA
WN,PHX,SFO
WN,PHX,SJC
WN,PHX,SLC
WN,PHX,SMF
WN,PHX,SNA
WN,PHX,STL
WN,PHX,TPA
WN,PHX,TUL
WN,PIT,ATL
WN,PIT,BNA
WN,PIT,BWI
WN,PIT,DEN
WN,PIT,DFW
WN,PIT,FLL
WN,PIT,HOU
WN,PIT,LAS
WN,PIT,MCO
WN,PIT,MDW
WN,PIT,PHX
WN,PIT,RSW
WN,PIT,TPA
WN,PNS,BNA
WN,PNS,HOU
WN,PUJ,ATL
WN,PVD,BWI
WN,PVD,FLL
WN,PVD,MCO
WN,PVD,MDW
WN,PVD,RSW
WN,PVD,TPA
WN,RDU,ATL
WN,RDU,BNA
WN,RDU,BWI
WN,RDU,DEN
WN,RDU,FLL
WN,RDU,HOU
WN,RDU,LAS
WN,RDU,MCO
WN,RDU,MDW
WN,RDU,PHX
WN,RDU,STL
WN,RDU,TPA
WN,RIC,ATL
WN,RIC,MCO
WN,RNO,DEN
WN,RNO,LAS
WN,RNO,LAX
WN,RNO,MDW
WN,RNO,PDX
WN,RNO,PHX
WN,RNO,SAN
WN,RNO,SEA
WN,ROC,BWI
WN,ROC,MCO
WN,ROC,MDW
WN,ROC,TPA
WN,RSW,ATL
WN,RSW,BDL
WN,RSW,BWI
WN,RSW,CMH
WN,RSW,DCA
WN,RSW,IND
WN,RSW,MDW
WN,RSW,MKE
WN,RSW,PHL
WN,RSW,PIT
WN,RSW,PVD
WN,RSW,STL
WN,SAN,ABQ
WN,SAN,ATL
WN,SAN,AUS
WN,SAN,BNA
WN,SAN,BWI
WN,SAN,DEN
WN,SAN,HOU
WN,SAN,LAS
WN,SAN,MCI
WN,SAN,MDW
WN,SAN,MSY
WN,SAN,OAK
WN,SAN,PHX
WN,SAN,RNO
WN,SAN,SAT
WN,SAN,SFO
WN,SAN,SJC
WN,SAN,SMF
WN,SAN,STL
WN,SAN,TUS
WN,SAT,ATL
WN,SAT,BNA
WN,SAT,BWI
WN,SAT,DAL
WN,SAT,DEN
WN,SAT,ELP
WN,SAT,HOU
WN,SAT,HRL
WN,SAT,LAS
WN,SAT,LAX
WN,SAT,MCO
WN,SAT,MDW
WN,SAT,PHX
WN,SAT,SAN
WN,SAT,STL
WN,SAT,TPA
WN,SDF,ATL
WN,SDF,BWI
WN,SDF,DEN
WN,SDF,LAS
WN,SDF,MCO
WN,SDF,MDW
WN,SDF,PHX
WN,SDF,TPA
WN,SEA,ABQ
WN,SEA,BWI
WN,SEA,DEN
WN,SEA,LAS
WN,SEA,MDW
WN,SEA,MKE
WN,SEA,OAK
WN,SEA,PHX
WN,SEA,RNO
WN,SEA,SJC
WN,SEA,SLC
WN,SEA,SMF
WN,SFO,ATL
WN,SFO,DEN
WN,SFO,LAS
WN,SFO,LAX
WN,SFO,MDW
WN,SFO,MKE
WN,SFO,PHX
WN,SFO,SAN
WN,SFO,SNA
WN,SJC,AUS
WN,SJC,BUR
WN,SJC,DEN
WN,SJC,LAS
WN,SJC,LAX
WN,SJC,MDW
WN,SJC,ONT
WN,SJC,PDX
WN,SJC,PHX
WN,SJC,SAN
WN,SJC,SEA
WN,SJC,SNA
WN,SJU,ATL
WN,SJU,BWI
WN,SJU,FLL
WN,SJU,MCO
WN,SJU,TPA
WN,SLC,BWI
WN,SLC,DEN
WN,SLC,LAS
WN,SLC,LAX
WN,SLC,MDW
WN,SLC,OAK
WN,SLC,PDX
WN,SLC,PHX
WN,SLC,SEA
WN,SMF,BUR
WN,SMF,DEN
WN,SMF,LAS
WN,SMF,LAX
WN,SMF,MDW
WN,SMF,ONT
WN,SMF,PDX
WN,SMF,PHX
WN,SMF,SAN
WN,SMF,SEA
WN,SMF,SNA
WN,SNA,DEN
WN,SNA,HOU
WN,SNA,LAS
WN,SNA,OAK
WN,SNA,PHX
WN,SNA,SFO
WN,SNA,SJC
WN,SNA,SMF
WN,STL,ATL
WN,STL,BNA
WN,STL,BOS
WN,STL,BWI
WN,STL,CMH
WN,STL,DAL
WN,STL,DCA
WN,STL,DEN
WN,STL,DTW
WN,STL,ECP
WN,STL,EWR
WN,STL,FLL
WN,STL,GRR
WN,STL,HOU
WN,STL,LAS
WN,STL,LAX
WN,STL,LGA
WN,STL,MCI
WN,STL,MCO
WN,STL,MDW
WN,STL,MKE
WN,STL,MSP
WN,STL,MSY
WN,STL,OKC
WN,STL,OMA
WN,STL,PHL
WN,STL,PHX
WN,STL,RDU
WN,STL,RSW
WN,STL,SAN
WN,STL,SAT
WN,STL,TPA
WN,STL,TUL
WN,TPA,ALB
WN,TPA,ATL
WN,TPA,AUS
WN,TPA,BDL
WN,TPA,BHM
WN,TPA,BNA
WN,TPA,BUF
WN,TPA,BWI
WN,TPA,CAK
WN,TPA,CMH
WN,TPA,DAY
WN,TPA,DEN
WN,TPA,EYW
WN,TPA,FLL
WN,TPA,FNT
WN,TPA,GRR
WN,TPA,HOU
WN,TPA,IND
WN,TPA,ISP
WN,TPA,LAS
WN,TPA,MCI
WN,TPA,MDW
WN,TPA,MEM
WN,TPA,MHT
WN,TPA,MKE
WN,TPA,MSY
WN,TPA,PHL
WN,TPA,PHX
WN,TPA,PIT
WN,TPA,PVD
WN,TPA,RDU
WN,TPA,ROC
WN,TPA,SAT
WN,TPA,SDF
WN,TPA,SJU
WN,TPA,STL
WN,TUL,DAL
WN,TUL,DEN
WN,TUL,HOU
WN,TUL,LAS
WN,TUL,MDW
WN,TUL,PHX
WN,TUL,STL
WN,TUS,DEN
WN,TUS,LAS
WN,TUS,LAX
WN,TUS,MDW
WN,TUS,SAN
WS,ANU,YYZ
WS,ATL,JFK
WS,ATL,LGA
WS,ATL,YYZ
WS,AUA,YYZ
WS,AZS,YYZ
WS,BDA,YYZ
WS,BGI,YYZ
WS,CCC,YYZ
WS,CUN,YEG
WS,CUN,YHZ
WS,CUN,YUL
WS,CUN,YVR
WS,CUN,YYC
WS,CUN,YYZ
WS,CVG,YYZ
WS,DFW,YUL
WS,DFW,YVR
WS,DFW,YYC
WS,DFW,YYZ
WS,DTW,YYZ
WS,FLL,YUL
WS,FLL,YYZ
WS,GCM,YYZ
WS,HNL,YVR
WS,JFK,YUL
WS,JFK,YYC
WS,JFK,YYZ
WS,KIN,YYZ
WS,KOA,YVR
WS,LAS,YEG
WS,LAS,YQR
WS,LAS,YUL
WS,LAS,YVR
WS,LAS,YWG
WS,LAS,YXE
WS,LAS,YYC
WS,LAS,YYJ
WS,LAS,YYZ
WS,LAX,YEG
WS,LAX,YVR
WS,LAX,YYC
WS,LAX,YYZ
WS,LGA,ATL
WS,LGA,MSY
WS,LGA,YHZ
WS,LGA,YUL
WS,LGA,YYZ
WS,LIH,YVR
WS,LIR,YYZ
WS,MBJ,YHZ
WS,MBJ,YYZ
WS,MCO,YHZ
WS,MCO,YQM
WS,MCO,YYC
WS,MCO,YYT
WS,MCO,YYZ
WS,MIA,MSY
WS,MIA,YUL
WS,MIA,YYZ
WS,MSP,YUL
WS,MSP,YYZ
WS,MSY,LGA
WS,MSY,MIA
WS,MYR,YYZ
WS,NAS,YYZ
WS,OGG,YVR
WS,ORD,YUL
WS,ORD,YVR
WS,ORD,YYC
WS,ORD,YYZ
WS,PHX,YEG
WS,PHX,YYC
WS,PLS,YYZ
WS,POP,YYZ
WS,POS,YYZ
WS,PSP,YEG
WS,PSP,YVR
WS,PSP,YYC
WS,PUJ,YHZ
WS,PUJ,YUL
WS,PUJ,YYZ
WS,PVR,YEG
WS,PVR,YVR
WS,PVR,YYC
WS,RSW,YYZ
WS,SAN,YYC
WS,SFO,YVR
WS,SFO,YYC
WS,SJD,YVR
WS,SJD,YYC
WS,SJU,YYZ
WS,SNA,YVR
WS,SNU,YYZ
WS,SXM,YYZ
WS,TPA,YYZ
WS,UVF,YYZ
WS,VRA,YYZ
WS,YBR,YYC
WS,YCD,YYC
WS,YDF,YYZ
WS,YEG,CUN
WS,YEG,LAS
WS,YEG,LAX
WS,YEG,PHX
WS,YEG,PSP
WS,YEG,PVR
WS,YEG,YHM
WS,YEG,YLW
WS,YEG,YMM
WS,YEG,YOW
WS,YEG,YQQ
WS,YEG,YQR
WS,YEG,YQU
WS,YEG,YUL
WS,YEG,YVR
WS,YEG,YWG
WS,YEG,YXE
WS,YEG,YXX
WS,YEG,YYC
WS,YEG,YYJ
WS,YEG,YYZ
WS,YEG,YZF
WS,YHM,YEG
WS,YHM,YHZ
WS,YHM,YQM
WS,YHM,YYC
WS,YHZ,CUN
WS,YHZ,LGA
WS,YHZ,MBJ
WS,YHZ,MCO
WS,YHZ,PUJ
WS,YHZ,YHM
WS,YHZ,YOW
WS,YHZ,YYC
WS,YHZ,YYT
WS,YHZ,YYZ
WS,YKA,YYC
WS,YKF,YYC
WS,YLW,YEG
WS,YLW,YVR
WS,YLW,YYC
WS,YLW,YYJ
WS,YLW,YYZ
WS,YMM,YEG
WS,YMM,YYC
WS,YMM,YYZ
WS,YOW,YEG
WS,YOW,YHZ
WS,YOW,YWG
WS,YOW,YYC
WS,YOW,YYT
WS,YOW,YYZ
WS,YQB,YYZ
WS,YQG,YYC
WS,YQM,MCO
WS,YQM,YHM
WS,YQM,YYZ
WS,YQQ,YEG
WS,YQQ,YYC
WS,YQR,LAS
WS,YQR,YEG
WS,YQR,YVR
WS,YQR,YWG
WS,YQR,YYC
WS,YQR,YYZ
WS,YQT,YWG
WS,YQT,YYZ
WS,YQU,YEG
WS,YQU,YYC
WS,YUL,CUN
WS,YUL,DFW
WS,YUL,FLL
WS,YUL,JFK
WS,YUL,LAS
WS,YUL,LGA
WS,YUL,MIA
WS,YUL,MSP
WS,YUL,ORD
WS,YUL,PUJ
WS,YUL,YEG
WS,YUL,YVR
WS,YUL,YWG
WS,YUL,YYC
WS,YUL,YYZ
WS,YVR,CUN
WS,YVR,DFW
WS,YVR,HNL
WS,YVR,KOA
WS,YVR,LAS
WS,YVR,LAX
WS,YVR,LIH
WS,YVR,OGG
WS,YVR,ORD
WS,YVR,PSP
WS,YVR,PVR
WS,YVR,SFO
WS,YVR,SJD
WS,YVR,SNA
WS,YVR,YEG
WS,YVR,YLW
WS,YVR,YQR
WS,YVR,YUL
WS,YVR,YWG
WS,YVR,YXE
WS,YVR,YXJ
WS,YVR,YXS
WS,YVR,YXT
WS,YVR,YYC
WS,YVR,YYJ
WS,YVR,YYZ
WS,YWG,LAS
WS,YWG,YEG
WS,YWG,YOW
WS,YWG,YQR
WS,YWG,YQT
WS,YWG,YUL
WS,YWG,YVR
WS,YWG,YXE
WS,YWG,YXU
WS,YWG,YYC
WS,YWG,YYZ
WS,YXE,LAS
WS,YXE,YEG
WS,YXE,YVR
WS,YXE,YWG
WS,YXE,YYC
WS,YXE,YYZ
WS,YXJ,YVR
WS,YXJ,YYC
WS,YXS,YVR
WS,YXS,YYC
WS,YXT,YVR
WS,YXU,YWG
WS,YXU,YYC
WS,YXX,YEG
WS,YXX,YYC
WS,YYC,CUN
WS,YYC,DFW
WS,YYC,JFK
WS,YYC,LAS
WS,YYC,LAX
WS,YYC,MCO
WS,YYC,ORD
WS,YYC,PHX
WS,YYC,PSP
WS,YYC,PVR
WS,YYC,SAN
WS,YYC,SFO
WS,YYC,SJD
WS,YYC,YBR
WS,YYC,YCD
WS,YYC,YEG
WS,YYC,YHM
WS,YYC,YHZ
WS,YYC,YKA
WS,YYC,YKF
WS,YYC,YLW
WS,YYC,YMM
WS,YYC,YOW
WS,YYC,YQG
WS,YYC,YQQ
WS,YYC,YQR
WS,YYC,YQU
WS,YYC,YUL
WS,YYC,YVR
WS,YYC,YWG
WS,YYC,YXE
WS,YYC,YXJ
WS,YYC,YXS
WS,YYC,YXU
WS,YYC,YXX
WS,YYC,YYJ
WS,YYC,YYZ
WS,YYG,YYZ
WS,YYJ,LAS
WS,YYJ,YEG
WS,YYJ,YLW
WS,YYJ,YVR
WS,YYJ,YYC
WS,YYJ,YYZ
WS,YYT,MCO
WS,YYT,YHZ
WS,YYT,YOW
WS,YYT,YYZ
WS,YYZ,ANU
WS,YYZ,ATL
WS,YYZ,AUA
WS,YYZ,AZS
WS,YYZ,BDA
WS,YYZ,BGI
WS,YYZ,CCC
WS,YYZ,CUN
WS,YYZ,CVG
WS,YYZ,DFW
WS,YYZ,DTW
WS,YYZ,FLL
WS,YYZ,GCM
WS,YYZ,JFK
WS,YYZ,KIN
WS,YYZ,LAS
WS,YYZ,LAX
WS,YYZ,LGA
WS,YYZ,LIR
WS,YYZ,MBJ
WS,YYZ,MCO
WS,YYZ,MIA
WS,YYZ,MSP
WS,YYZ,MYR
WS,YYZ,NAS
WS,YYZ,ORD
WS,YYZ,PLS
WS,YYZ,POP
WS,YYZ,POS
WS,YYZ,PUJ
WS,YYZ,RSW
WS,YYZ,SJU
WS,YYZ,SNU
WS,YYZ,SXM
WS,YYZ,TPA
WS,YYZ,UVF
WS,YYZ,VRA
WS,YYZ,YDF
WS,YYZ,YEG
WS,YYZ,YHZ
WS,YYZ,YLW
WS,YYZ,YMM
WS,YYZ,YOW
WS,YYZ,YQB
WS,YYZ,YQM
WS,YYZ,YQR
WS,YYZ,YQT
WS,YYZ,YUL
WS,YYZ,YVR
WS,YYZ,YWG
WS,YYZ,YXE
WS,YYZ,YYC
WS,YYZ,YYG
WS,YYZ,YYJ
WS,YYZ,YYT
WS,YZF,YEG